movement,flight_id,airline,origin,transit_point,destination,take_off_time,landing_time,transit_duration_mins,total_duration_mins,aircraft_model,carbon_kg,eco_price_sar,price_status,flight_date,day
DEPARTURE,EY 604,Etihad,JED,Direct,AUH,5:40,9:20,0,160,Airbus A321,166000.0,461.0,typical,8/22/2026,Saturday
DEPARTURE,SV 570,Saudia,JED,Direct,AUH,11:40,15:25,0,165,Airbus A320,176000.0,461.0,typical,8/22/2026,Saturday
DEPARTURE,SV 1020,Saudia,JED,RUH,AUH,7:00,14:05,150,365,Airbus A321,223000.0,471.0,typical,8/22/2026,Saturday
DEPARTURE,EY 602,Etihad,JED,Direct,AUH,3:10,6:55,0,165,Airbus A321,166000.0,552.0,typical,8/22/2026,Saturday
DEPARTURE,QR 1189,Qatar Airways,JED,DOH,AUH,22:35,4:25,80,290,Boeing 787,152000.0,697.0,typical,8/22/2026,Saturday
DEPARTURE,EY 616,Etihad,JED,Direct,AUH,15:20,19:05,0,165,Airbus A321,166000.0,781.0,typical,8/22/2026,Saturday
DEPARTURE,XY 517,Flynas,JED,Direct,AUH,12:55,16:45,0,170,Airbus A320neo,130000.0,790.0,typical,8/22/2026,Saturday
DEPARTURE,EY 612,Etihad,JED,Direct,AUH,19:00,22:45,0,165,Airbus A321,166000.0,800.0,typical,8/22/2026,Saturday
ARRIVAL,GF 90,Gulf Air,JFK,BAH,JED,15:00,15:40,170,1060,Boeing 787,666000.0,1902.0,typical,8/9/2026,Sunday
ARRIVAL,EY 2,Etihad,JFK,AUH,JED,15:45,16:10,110,1045,Airbus A350,815000.0,1972.0,typical,8/9/2026,Sunday
ARRIVAL,QR 702,Qatar Airways,JFK,DOH,JED,22:00,21:05,75,965,Boeing 777,837000.0,2014.0,typical,8/9/2026,Sunday
ARRIVAL,TK 2,Turkish Airlines,JFK,IST,JED,19:50,18:20,90,930,Boeing 777,749000.0,2457.0,typical,8/9/2026,Sunday
ARRIVAL,SV 20,Saudia,JFK,Direct,JED,19:00,13:40,0,700,Boeing 777,696000.0,2707.0,typical,8/9/2026,Sunday
ARRIVAL,GF 90,Gulf Air,JFK,BAH,JED,15:00,3:55,895,1795,Boeing 787,711000.0,1864.0,typical,8/9/2026,Sunday
ARRIVAL,QR 704,Qatar Airways,JFK,DOH,JED,11:20,10:10,60,950,Boeing 777,853000.0,2014.0,typical,8/9/2026,Sunday
ARRIVAL,EY 4,Etihad,JFK,AUH,JED,22:20,23:25,125,1085,Boeing 787,894000.0,2066.0,typical,8/9/2026,Sunday
ARRIVAL,MS 986,EgyptAir,JFK,CAI,JED,12:55,10:10,95,855,Boeing 777,789000.0,4291.0,typical,8/9/2026,Sunday
ARRIVAL,XY 518,Flynas,AUH,Direct,JED,17:35,19:35,0,180,Airbus A320neo,129000.0,419.0,typical,8/4/2026,Tuesday
ARRIVAL,SV 571,Saudia,AUH,Direct,JED,16:25,18:15,0,170,Airbus A320,174000.0,647.0,typical,8/4/2026,Tuesday
ARRIVAL,EY 603,Etihad,AUH,Direct,JED,2:05,3:55,0,170,Airbus A321,163000.0,659.0,typical,8/4/2026,Tuesday
ARRIVAL,QR 1051,Qatar Airways,AUH,DOH,JED,17:40,21:05,45,265,Airbus A320,147000.0,578.0,typical,8/4/2026,Tuesday
ARRIVAL,XY 236,Flynas,AUH,RUH,JED,18:45,0:15,175,390,Airbus A320neo,158000.0,626.0,typical,8/4/2026,Tuesday
ARRIVAL,EY 615,Etihad,AUH,Direct,JED,8:35,10:30,0,175,Airbus A321,163000.0,659.0,typical,8/4/2026,Tuesday
ARRIVAL,EY 601,Etihad,AUH,Direct,JED,21:25,23:25,0,180,Airbus A321,163000.0,680.0,typical,8/4/2026,Tuesday
ARRIVAL,EY 611,Etihad,AUH,Direct,JED,14:15,16:10,0,175,Airbus A321,163000.0,700.0,typical,8/4/2026,Tuesday
DEPARTURE,HU 7914,Hainan,JED,HAK,HKG,13:00,9:05,215,905,Airbus A330,533000.0,1390.0,typical,9/12/2026,Saturday
DEPARTURE,BI 2,Royal Brunei,JED,BWN,HKG,18:15,13:35,40,860,Boeing 787,675000.0,1665.0,typical,9/12/2026,Saturday
DEPARTURE,EY 616,Etihad,JED,AUH,HKG,15:20,9:00,125,760,Airbus A321,514000.0,1993.0,typical,9/12/2026,Saturday
DEPARTURE,QR 1185,Qatar Airways,JED,DOH,HKG,4:50,21:55,80,725,Boeing 787,573000.0,2079.0,typical,9/12/2026,Saturday
DEPARTURE,EK 802,Emirates,JED,DXB,HKG,4:05,22:05,125,780,Airbus A380,569000.0,2186.0,typical,9/12/2026,Saturday
DEPARTURE,SV 1036,Saudia,JED,RUH,HKG,15:00,17:00,130,1260,Airbus A321,734000.0,1891.0,typical,9/12/2026,Saturday
DEPARTURE,QR 1187,Qatar Airways,JED,DOH,HKG,19:50,15:10,215,860,Boeing 787,557000.0,2079.0,typical,9/12/2026,Saturday
DEPARTURE,QR 1189,Qatar Airways,JED,DOH,HKG,22:35,15:10,50,695,Boeing 787,573000.0,2332.0,typical,9/12/2026,Saturday
DEPARTURE,TR 797,Scoot,JED,SIN,HKG,21:45,19:45,175,1020,Boeing 787,582000.0,2881.0,typical,9/12/2026,Saturday
ARRIVAL,SQ 635,Singapore Airlines,HND,SIN,JED,22:55,20:30,650,1655,Boeing 787,679000.0,2448.0,high,9/9/2026,Wednesday
ARRIVAL,JL 33,JAL,HND,BKK,JED,1:20,17:10,195,1310,Boeing 787,770000.0,2876.0,high,9/9/2026,Wednesday
ARRIVAL,TK 199,Turkish Airlines,HND,IST,JED,21:45,15:55,420,1450,Boeing 777,815000.0,3311.0,high,9/9/2026,Wednesday
ARRIVAL,CZ 386,China Southern,HND,CAN,JED,15:40,3:25,195,1065,Boeing 777,701000.0,3397.0,high,9/9/2026,Wednesday
ARRIVAL,JL 59,JAL,HND,DOH,JED,22:50,10:10,240,1040,Boeing 787,603000.0,3603.0,high,9/9/2026,Wednesday
ARRIVAL,TG 661,THAI,HND,BKK,JED,0:20,17:10,250,1370,Boeing 777,882000.0,3217.0,high,9/9/2026,Wednesday
ARRIVAL,MU 540,China Eastern,HND,PVG,JED,20:00,3:55,1015,2275,Airbus A321,883000.0,3597.0,high,9/9/2026,Wednesday
ARRIVAL,PR 421,Philippine Airlines,HND,MNL,JED,14:55,5:05,280,1210,Airbus A321,754000.0,3829.0,high,9/9/2026,Wednesday
ARRIVAL,EK 313,Emirates,HND,DXB,JED,0:05,8:45,75,880,Boeing 777,756000.0,4219.0,high,9/9/2026,Wednesday
ARRIVAL,7G 25,Star Flyer,HND,KIX,JED,15:15,3:55,120,1120,Airbus A320neo,701000.0,14212.0,high,9/9/2026,Wednesday
DEPARTURE,XY 551,Flynas,JED,Direct,AMM,12:25,14:20,0,115,Airbus A320neo,94000.0,349.0,high,9/11/2026,Friday
DEPARTURE,SV 627,Saudia,JED,Direct,AMM,1:05,3:05,0,120,Airbus A320,127000.0,406.0,high,9/11/2026,Friday
DEPARTURE,SV 631,Saudia,JED,Direct,AMM,10:10,12:10,0,120,Airbus A320,127000.0,406.0,high,9/11/2026,Friday
DEPARTURE,XY 553,Flynas,JED,Direct,AMM,20:15,22:10,0,115,Airbus A320neo,94000.0,379.0,high,9/11/2026,Friday
DEPARTURE,SV 1036,Saudia,JED,RUH,AMM,15:00,21:10,125,370,Airbus A320,271000.0,416.0,high,9/11/2026,Friday
DEPARTURE,SV 1052,Saudia,JED,RUH,AMM,23:00,12:20,555,800,Airbus A330,239000.0,416.0,high,9/11/2026,Friday
DEPARTURE,RJ 705,Royal Jordanian,JED,Direct,AMM,4:50,7:00,0,130,Airbus A320neo,105000.0,693.0,high,9/11/2026,Friday
DEPARTURE,RJ 727,Royal Jordanian,JED,Direct,AMM,7:25,9:35,0,130,Airbus A320neo,91000.0,693.0,high,9/11/2026,Friday
DEPARTURE,RJ 707,Royal Jordanian,JED,Direct,AMM,20:55,23:05,0,130,Embraer 195 E2,123000.0,693.0,high,9/11/2026,Friday
DEPARTURE,QR 1183,Qatar Airways,JED,DOH,HND,3:10,23:55,115,885,Airbus A350,647000.0,1902.0,typical,5/18/2026,Monday
DEPARTURE,QR 1187,Qatar Airways,JED,DOH,HND,19:50,23:55,555,1325,Boeing 777,656000.0,1902.0,typical,5/18/2026,Monday
DEPARTURE,QR 1189,Qatar Airways,JED,DOH,HND,22:35,23:55,390,1160,Boeing 777,656000.0,1947.0,typical,5/18/2026,Monday
DEPARTURE,AI 2256,Air India,JED,DEL,HND,21:50,7:55,840,1685,Airbus A320neo,651000.0,2260.0,typical,5/18/2026,Monday
DEPARTURE,QR 1191,Qatar Airways,JED,DOH,HND,11:30,21:35,350,1685,Boeing 777,767000.0,2791.0,typical,5/18/2026,Monday
DEPARTURE,EK 804,Emirates,JED,DXB,HND,20:10,22:20,450,1210,Airbus A380,769000.0,2906.0,typical,5/18/2026,Monday
DEPARTURE,TR 797,Scoot,JED,SIN,HND,21:35,21:55,85,1100,Boeing 787,693000.0,3084.0,typical,5/18/2026,Monday
DEPARTURE,TK 127,Turkish Airlines,JED,IST,HND,19:25,19:20,160,1075,Airbus A330,861000.0,5062.0,high,5/18/2026,Monday
DEPARTURE,FZ 808,flydubai,JED,DXB,HND,22:55,22:20,295,1045,Boeing 737MAX 8 Passenger,1054000.0,7226.0,high,5/18/2026,Monday
ARRIVAL,XY 510,Flynas,DXB,Direct,JED,21:45,23:50,0,185,Airbus A320neo,134000.0,491.0,high,7/29/2026,Wednesday
ARRIVAL,SV 591,Saudia,DXB,Direct,JED,6:00,7:55,0,175,Airbus A321,172000.0,576.0,high,7/29/2026,Wednesday
ARRIVAL,EK 805,Emirates,DXB,Direct,JED,6:55,8:45,0,170,Airbus A380,144000.0,659.0,high,7/29/2026,Wednesday
ARRIVAL,XY 502,Flynas,DXB,Direct,JED,12:10,14:15,0,185,Airbus A320neo,134000.0,542.0,high,7/29/2026,Wednesday
ARRIVAL,SV 599,Saudia,DXB,Direct,JED,4:05,6:00,0,175,Airbus A321,172000.0,576.0,high,7/29/2026,Wednesday
ARRIVAL,SV 567,Saudia,DXB,Direct,JED,11:10,13:05,0,175,Airbus A321,172000.0,576.0,high,7/29/2026,Wednesday
ARRIVAL,SV 569,Saudia,DXB,Direct,JED,14:15,16:10,0,175,Airbus A321,172000.0,576.0,high,7/29/2026,Wednesday
ARRIVAL,SV 589,Saudia,DXB,Direct,JED,17:30,19:25,0,175,Airbus A330,152000.0,576.0,high,7/29/2026,Wednesday
ARRIVAL,SV 551,Saudia,DXB,Direct,JED,21:00,22:55,0,175,Airbus A321,172000.0,576.0,high,7/29/2026,Wednesday
ARRIVAL,SV 595,Saudia,DXB,Direct,JED,23:00,0:55,0,175,Airbus A321,172000.0,576.0,high,7/29/2026,Wednesday
ARRIVAL,EK 801,Emirates,DXB,Direct,JED,0:10,2:05,0,175,Airbus A380,144000.0,659.0,high,7/29/2026,Wednesday
ARRIVAL,EK 803,Emirates,DXB,Direct,JED,15:45,17:45,0,180,Airbus A380,149000.0,659.0,high,7/29/2026,Wednesday
ARRIVAL,FZ 919,flydubai,DXB,Direct,JED,1:55,4:00,0,185,Boeing 737,159000.0,1121.0,high,7/29/2026,Wednesday
ARRIVAL,FZ 831,flydubai,DXB,Direct,JED,4:45,6:50,0,185,Boeing 737MAX 8 Passenger,128000.0,1289.0,high,7/29/2026,Wednesday
ARRIVAL,FZ 807,flydubai,DXB,Direct,JED,19:50,21:55,0,185,Boeing 737MAX 8 Passenger,133000.0,1289.0,high,7/29/2026,Wednesday
ARRIVAL,FZ 909,flydubai,DXB,Direct,JED,9:35,11:35,0,180,Boeing 737MAX 8 Passenger,128000.0,1426.0,high,7/29/2026,Wednesday
ARRIVAL,FZ 829,flydubai,DXB,Direct,JED,14:40,16:45,0,185,Boeing 737,159000.0,1426.0,high,7/29/2026,Wednesday
DEPARTURE,XY 40,Flynas,JED,RUH,DEL,15:40,3:25,195,555,Airbus A320neo,316000.0,1021.0,high,6/8/2026,Monday
DEPARTURE,6E 64,IndiGo,JED,Direct,DEL,3:00,11:25,0,355,Airbus A320neo,267000.0,1023.0,high,6/8/2026,Monday
DEPARTURE,XY 60,Flynas,JED,RUH,DEL,16:30,3:25,145,505,Airbus A320neo,316000.0,1052.0,high,6/8/2026,Monday
DEPARTURE,SV 756,Saudia,JED,Direct,DEL,1:50,9:45,0,325,Boeing 777,323000.0,1544.0,high,6/8/2026,Monday
DEPARTURE,EY 602,Etihad,JED,AUH,DEL,3:10,19:20,435,820,Airbus A321,333000.0,1245.0,high,6/8/2026,Monday
DEPARTURE,QR 1191,Qatar Airways,JED,DOH,DEL,14:30,2:10,150,550,Boeing 777,319000.0,1418.0,high,6/8/2026,Monday
DEPARTURE,QR 1187,Qatar Airways,JED,DOH,DEL,19:50,8:45,225,625,Boeing 777,319000.0,1418.0,high,6/8/2026,Monday
DEPARTURE,EY 604,Etihad,JED,AUH,DEL,5:40,19:20,290,670,Airbus A320,326000.0,1434.0,high,6/8/2026,Monday
DEPARTURE,AI 2256,Air India,JED,Direct,DEL,21:50,6:10,0,350,Airbus A320neo,303000.0,2271.0,high,6/8/2026,Monday
ARRIVAL,EY 401,Etihad,BKK,AUH,JED,3:15,10:30,110,675,Boeing 777,521000.0,1090.0,high,6/17/2026,Wednesday
ARRIVAL,EY 409,Etihad,BKK,AUH,JED,9:45,16:10,70,625,Airbus A350,472000.0,1090.0,high,6/17/2026,Wednesday
ARRIVAL,GF 153,Gulf Air,BKK,BAH,JED,20:15,3:55,120,700,Boeing 787,481000.0,1125.0,high,6/17/2026,Wednesday
ARRIVAL,EY 405,Etihad,BKK,AUH,JED,15:05,23:25,125,740,Boeing 787,459000.0,1090.0,high,6/17/2026,Wednesday
ARRIVAL,AI 2303,Air India,BKK,DEL,JED,22:25,20:50,950,1585,Airbus A320neo,517000.0,1321.0,high,6/17/2026,Wednesday
ARRIVAL,G9 824,Air Arabia,BKK,SHJ,JED,11:20,22:50,375,930,Airbus A320neo,487000.0,1373.0,high,6/17/2026,Wednesday
ARRIVAL,G9 822,Air Arabia,BKK,SHJ,JED,8:55,15:45,95,650,Airbus A321,555000.0,1389.0,high,6/17/2026,Wednesday
ARRIVAL,SV 845,Saudia,BKK,Direct,JED,15:20,19:30,0,490,Boeing 787,331000.0,1822.0,high,6/17/2026,Wednesday
ARRIVAL,JL 225,JAL,HND,KIX,JED,12:35,3:20,295,1245,Boeing 737,710000.0,2603.0,typical,7/10/2026,Friday
ARRIVAL,SQ 635,Singapore Airlines,HND,SIN,JED,22:55,20:30,650,1655,Boeing 787,671000.0,2791.0,typical,7/10/2026,Friday
ARRIVAL,CZ 386,China Southern,HND,CAN,JED,15:40,3:25,195,1065,Boeing 777,706000.0,3397.0,typical,7/10/2026,Friday
ARRIVAL,MU 576,China Eastern,HND,PVG,JED,8:40,3:55,255,1515,Boeing 777,856000.0,3552.0,typical,7/10/2026,Friday
ARRIVAL,TK 199,Turkish Airlines,HND,IST,JED,21:45,15:55,420,1450,Boeing 777,814000.0,3559.0,typical,7/10/2026,Friday
ARRIVAL,PR 423,Philippine Airlines,HND,MNL,JED,2:05,22:45,385,1600,Airbus A321,909000.0,3590.0,typical,7/10/2026,Friday
ARRIVAL,JL 59,JAL,HND,DOH,JED,22:50,10:10,240,1040,Boeing 787,611000.0,3603.0,typical,7/10/2026,Friday
ARRIVAL,EK 313,Emirates,HND,DXB,JED,0:05,8:45,75,880,Boeing 777,756000.0,3736.0,typical,7/10/2026,Friday
ARRIVAL,JL 33,JAL,HND,BKK,JED,1:20,17:10,195,1310,Boeing 787,775000.0,4706.0,typical,7/10/2026,Friday
ARRIVAL,7G 25,Star Flyer,HND,KIX,JED,15:15,3:55,120,1120,Airbus A320neo,706000.0,14212.0,typical,7/10/2026,Friday
DEPARTURE,F3 130,flyadeal,JED,Direct,RUH,17:40,19:15,0,95,Airbus A320,85000.0,345.0,high,9/15/2026,Tuesday
DEPARTURE,XY 40,Flynas,JED,Direct,RUH,15:40,17:25,0,105,Airbus A320neo,77000.0,349.0,high,9/15/2026,Tuesday
DEPARTURE,SV 1038,Saudia,JED,Direct,RUH,16:00,17:45,0,105,Airbus A320,105000.0,424.0,high,9/15/2026,Tuesday
DEPARTURE,F3 152,flyadeal,JED,Direct,RUH,0:15,1:55,0,100,Airbus A320,85000.0,345.0,high,9/15/2026,Tuesday
DEPARTURE,F3 158,flyadeal,JED,Direct,RUH,0:55,2:30,0,95,Airbus A320,85000.0,345.0,high,9/15/2026,Tuesday
DEPARTURE,F3 156,flyadeal,JED,Direct,RUH,2:15,4:00,0,105,Airbus A320,85000.0,345.0,high,9/15/2026,Tuesday
DEPARTURE,F3 162,flyadeal,JED,Direct,RUH,2:50,4:25,0,95,Airbus A320,85000.0,345.0,high,9/15/2026,Tuesday
DEPARTURE,F3 160,flyadeal,JED,Direct,RUH,3:35,5:15,0,100,Airbus A320,85000.0,345.0,high,9/15/2026,Tuesday
DEPARTURE,F3 110,flyadeal,JED,Direct,RUH,5:00,6:40,0,100,Airbus A320,85000.0,345.0,high,9/15/2026,Tuesday
DEPARTURE,F3 112,flyadeal,JED,Direct,RUH,6:10,7:45,0,95,Airbus A320,85000.0,345.0,high,9/15/2026,Tuesday
DEPARTURE,F3 102,flyadeal,JED,Direct,RUH,7:30,9:10,0,100,Airbus A320,85000.0,345.0,high,9/15/2026,Tuesday
DEPARTURE,F3 104,flyadeal,JED,Direct,RUH,8:30,10:10,0,100,Airbus A320,85000.0,345.0,high,9/15/2026,Tuesday
DEPARTURE,F3 106,flyadeal,JED,Direct,RUH,9:35,11:20,0,105,Airbus A320,85000.0,345.0,high,9/15/2026,Tuesday
DEPARTURE,F3 116,flyadeal,JED,Direct,RUH,12:25,14:05,0,100,Airbus A320,85000.0,345.0,high,9/15/2026,Tuesday
DEPARTURE,F3 114,flyadeal,JED,Direct,RUH,13:05,14:40,0,95,Airbus A320,85000.0,345.0,high,9/15/2026,Tuesday
DEPARTURE,F3 120,flyadeal,JED,Direct,RUH,13:55,15:35,0,100,Airbus A320,85000.0,345.0,high,9/15/2026,Tuesday
DEPARTURE,F3 118,flyadeal,JED,Direct,RUH,14:35,16:10,0,95,Airbus A320,85000.0,345.0,high,9/15/2026,Tuesday
DEPARTURE,F3 138,flyadeal,JED,Direct,RUH,15:30,17:10,0,100,Airbus A320,85000.0,345.0,high,9/15/2026,Tuesday
DEPARTURE,F3 122,flyadeal,JED,Direct,RUH,16:10,17:55,0,105,Airbus A320,85000.0,345.0,high,9/15/2026,Tuesday
DEPARTURE,F3 126,flyadeal,JED,Direct,RUH,17:20,19:00,0,100,Airbus A320,85000.0,345.0,high,9/15/2026,Tuesday
DEPARTURE,F3 148,flyadeal,JED,Direct,RUH,18:05,19:45,0,100,Airbus A320,85000.0,345.0,high,9/15/2026,Tuesday
DEPARTURE,F3 132,flyadeal,JED,Direct,RUH,19:05,20:45,0,100,Airbus A320,85000.0,345.0,high,9/15/2026,Tuesday
DEPARTURE,F3 134,flyadeal,JED,Direct,RUH,19:25,21:00,0,95,Airbus A320,85000.0,345.0,high,9/15/2026,Tuesday
DEPARTURE,F3 154,flyadeal,JED,Direct,RUH,20:25,22:05,0,100,Airbus A320,85000.0,345.0,high,9/15/2026,Tuesday
DEPARTURE,F3 140,flyadeal,JED,Direct,RUH,21:15,22:55,0,100,Airbus A320,85000.0,345.0,high,9/15/2026,Tuesday
DEPARTURE,F3 144,flyadeal,JED,Direct,RUH,22:15,23:55,0,100,Airbus A320,85000.0,345.0,high,9/15/2026,Tuesday
DEPARTURE,XY 58,Flynas,JED,Direct,RUH,1:40,3:25,0,105,Airbus A320neo,77000.0,349.0,high,9/15/2026,Tuesday
DEPARTURE,XY 14,Flynas,JED,Direct,RUH,6:10,7:55,0,105,Airbus A320neo,77000.0,349.0,high,9/15/2026,Tuesday
DEPARTURE,XY 64,Flynas,JED,Direct,RUH,6:40,8:25,0,105,Airbus A320neo,77000.0,349.0,high,9/15/2026,Tuesday
DEPARTURE,XY 18,Flynas,JED,Direct,RUH,7:20,9:05,0,105,Airbus A320neo,77000.0,349.0,high,9/15/2026,Tuesday
DEPARTURE,XY 4,Flynas,JED,Direct,RUH,8:05,9:50,0,105,Airbus A320neo,77000.0,349.0,high,9/15/2026,Tuesday
DEPARTURE,XY 6,Flynas,JED,Direct,RUH,9:10,10:55,0,105,Airbus A320neo,77000.0,349.0,high,9/15/2026,Tuesday
DEPARTURE,XY 20,Flynas,JED,Direct,RUH,10:40,12:25,0,105,Airbus A320neo,77000.0,349.0,high,9/15/2026,Tuesday
DEPARTURE,XY 22,Flynas,JED,Direct,RUH,12:35,14:20,0,105,Airbus A320neo,77000.0,349.0,high,9/15/2026,Tuesday
DEPARTURE,XY 32,Flynas,JED,Direct,RUH,13:10,14:55,0,105,Airbus A320neo,77000.0,349.0,high,9/15/2026,Tuesday
DEPARTURE,XY 36,Flynas,JED,Direct,RUH,14:10,15:55,0,105,Airbus A320neo,77000.0,349.0,high,9/15/2026,Tuesday
DEPARTURE,XY 10,Flynas,JED,Direct,RUH,14:55,16:40,0,105,Airbus A320neo,77000.0,349.0,high,9/15/2026,Tuesday
DEPARTURE,XY 60,Flynas,JED,Direct,RUH,16:30,18:15,0,105,Airbus A320neo,77000.0,349.0,high,9/15/2026,Tuesday
DEPARTURE,XY 46,Flynas,JED,Direct,RUH,17:50,19:35,0,105,Airbus A320neo,77000.0,349.0,high,9/15/2026,Tuesday
DEPARTURE,XY 34,Flynas,JED,Direct,RUH,18:45,20:30,0,105,Airbus A320neo,77000.0,349.0,high,9/15/2026,Tuesday
ARRIVAL,XY 552,Flynas,AMM,Direct,JED,15:10,17:15,0,125,Airbus A320neo,95000.0,569.0,typical,6/14/2026,Sunday
ARRIVAL,SV 634,Saudia,AMM,RUH,JED,15:30,21:45,130,375,Airbus A320,240000.0,581.0,typical,6/14/2026,Sunday
ARRIVAL,SV 636,Saudia,AMM,Direct,JED,20:40,22:50,0,130,Airbus A320,128000.0,631.0,typical,6/14/2026,Sunday
ARRIVAL,RJ 702,Royal Jordanian,AMM,Direct,JED,10:45,12:55,0,130,Airbus A320neo,92000.0,883.0,typical,6/14/2026,Sunday
ARRIVAL,SV 638,Saudia,AMM,RUH,JED,22:15,5:45,205,450,Airbus A320,231000.0,581.0,typical,6/14/2026,Sunday
ARRIVAL,XY 832,Flynas,AMM,DMM,JED,2:20,11:45,295,565,Airbus A320neo,212000.0,771.0,typical,6/14/2026,Sunday
ARRIVAL,XY 254,Flynas,AMM,RUH,JED,22:10,7:20,305,550,Airbus A320neo,181000.0,797.0,typical,6/14/2026,Sunday
ARRIVAL,RJ 704,Royal Jordanian,AMM,Direct,JED,0:55,3:05,0,130,Boeing 787,91000.0,1015.0,typical,6/14/2026,Sunday
DEPARTURE,EY 616,Etihad,JED,AUH,KUL,15:20,8:25,115,725,Airbus A321,494000.0,1346.0,typical,6/9/2026,Tuesday
DEPARTURE,6E 78,IndiGo,JED,BLR,KUL,4:10,21:00,75,710,Airbus A320neo,466000.0,1357.0,typical,6/9/2026,Tuesday
DEPARTURE,EY 602,Etihad,JED,AUH,KUL,3:10,19:45,90,695,Airbus A320,471000.0,1420.0,typical,6/9/2026,Tuesday
DEPARTURE,QR 1189,Qatar Airways,JED,DOH,KUL,20:20,15:45,245,865,Boeing 777,565000.0,1480.0,typical,6/9/2026,Tuesday
DEPARTURE,EY 612,Etihad,JED,AUH,KUL,19:00,19:45,580,1185,Airbus A321neo,458000.0,1346.0,typical,6/9/2026,Tuesday
DEPARTURE,G9 146,Air Arabia,JED,SHJ,KUL,10:10,9:10,460,1080,Airbus A321 (Sharklets),612000.0,1986.0,typical,6/9/2026,Tuesday
DEPARTURE,G9 150,Air Arabia,JED,SHJ,KUL,23:45,2:20,675,1295,Airbus A321 (Sharklets),612000.0,1986.0,typical,6/9/2026,Tuesday
DEPARTURE,G9 148,Air Arabia,JED,SHJ,KUL,16:30,9:10,80,700,Airbus A321,617000.0,2002.0,typical,6/9/2026,Tuesday
DEPARTURE,MH 157,Malaysia Airlines,JED,Direct,KUL,20:40,11:15,0,575,Airbus A330,442000.0,4390.0,typical,6/9/2026,Tuesday
ARRIVAL,XY 442,Flynas,GIZ,Direct,JED,21:35,23:00,0,85,Airbus A320neo,63000.0,269.0,typical,5/12/2026,Tuesday
ARRIVAL,F3 354,flyadeal,GIZ,Direct,JED,15:25,17:00,0,95,Airbus A320,69000.0,275.0,typical,5/12/2026,Tuesday
ARRIVAL,F3 356,flyadeal,GIZ,Direct,JED,17:20,18:50,0,90,Airbus A320,69000.0,275.0,typical,5/12/2026,Tuesday
ARRIVAL,F3 358,flyadeal,GIZ,Direct,JED,18:50,20:20,0,90,Airbus A320,69000.0,275.0,typical,5/12/2026,Tuesday
ARRIVAL,XY 440,Flynas,GIZ,Direct,JED,8:25,9:50,0,85,Airbus A320neo,63000.0,299.0,typical,5/12/2026,Tuesday
ARRIVAL,SV 1806,Saudia,GIZ,RUH,JED,11:40,16:45,85,305,Airbus A320,218000.0,513.0,typical,5/12/2026,Tuesday
ARRIVAL,SV 1782,Saudia,GIZ,Direct,JED,4:45,6:10,0,85,Airbus A320,85000.0,564.0,typical,5/12/2026,Tuesday
ARRIVAL,SV 1767,Saudia,GIZ,Direct,JED,11:55,13:20,0,85,Airbus A320,85000.0,564.0,typical,5/12/2026,Tuesday
ARRIVAL,SV 1789,Saudia,GIZ,Direct,JED,14:15,15:40,0,85,Airbus A320,85000.0,564.0,typical,5/12/2026,Tuesday
ARRIVAL,SV 1769,Saudia,GIZ,Direct,JED,17:55,19:20,0,85,Airbus A320,85000.0,564.0,typical,5/12/2026,Tuesday
ARRIVAL,SV 1793,Saudia,GIZ,Direct,JED,21:15,22:40,0,85,Airbus A320,85000.0,564.0,typical,5/12/2026,Tuesday
ARRIVAL,SV 1799,Saudia,GIZ,Direct,JED,23:00,0:25,0,85,Airbus A320,85000.0,564.0,typical,5/12/2026,Tuesday
ARRIVAL,G9 801,Air Arabia,KUL,SHJ,JED,10:00,15:45,50,645,Airbus A321,608000.0,1793.0,typical,8/22/2026,Saturday
ARRIVAL,MH 156,Malaysia Airlines,KUL,Direct,JED,14:50,19:00,0,550,Airbus A330,487000.0,3190.0,typical,8/22/2026,Saturday
ARRIVAL,HU 756,Hainan,KUL,HAK,JED,21:05,8:10,1620,2405,Boeing 737,660000.0,1692.0,typical,8/22/2026,Saturday
ARRIVAL,G9 801,Air Arabia,KUL,SHJ,JED,10:00,22:50,475,1070,Airbus A321,603000.0,1777.0,typical,8/22/2026,Saturday
ARRIVAL,MH 613,Malaysia Airlines,KUL,SIN,JED,17:00,3:55,105,955,Boeing 737,541000.0,2414.0,typical,8/22/2026,Saturday
ARRIVAL,QR 853,Qatar Airways,KUL,DOH,JED,20:20,1:40,45,620,Boeing 777,544000.0,2429.0,typical,8/22/2026,Saturday
ARRIVAL,EY 489,Etihad,KUL,AUH,JED,9:50,16:10,85,680,Boeing 787,489000.0,2680.0,typical,8/22/2026,Saturday
ARRIVAL,EY 487,Etihad,KUL,AUH,JED,21:55,3:55,75,660,Boeing 787,489000.0,2680.0,typical,8/22/2026,Saturday
ARRIVAL,SV 829,Saudia,KUL,RUH,JED,13:00,19:45,130,705,Boeing 777,514000.0,2861.0,typical,8/22/2026,Saturday
ARRIVAL,ET 639,Ethiopian,KUL,SIN,JED,23:15,13:30,85,1155,Boeing 787,593000.0,2908.0,typical,8/22/2026,Saturday
ARRIVAL,TR 451,Scoot,KUL,SIN,JED,11:35,20:30,205,835,Airbus A320,466000.0,3097.0,typical,8/22/2026,Saturday
ARRIVAL,SV 841,Saudia,KUL,Direct,JED,2:15,5:50,0,515,Boeing 787,410000.0,3813.0,typical,8/22/2026,Saturday
ARRIVAL,SV 835,Saudia,KUL,Direct,JED,17:35,21:10,0,515,Boeing 787,353000.0,3813.0,typical,8/22/2026,Saturday
ARRIVAL,D7 700,AirAsia X,KUL,Direct,JED,16:35,20:25,0,530,Airbus A330,391000.0,6410.0,typical,8/22/2026,Saturday
DEPARTURE,FZ 832,flydubai,JED,DXB,HOF,7:50,14:25,110,395,Boeing 737MAX 8 Passenger,213000.0,1868.0,typical,9/14/2026,Monday
DEPARTURE,KU 784,Kuwait Airways,JED,KWI,HOF,2:30,14:25,190,715,Airbus A321neo,335000.0,11251.0,high,9/14/2026,Monday
ARRIVAL,EY 401,Etihad,BKK,AUH,JED,3:15,10:30,110,675,Boeing 777,517000.0,1136.0,high,6/23/2026,Tuesday
ARRIVAL,EY 409,Etihad,BKK,AUH,JED,9:45,16:10,70,625,Airbus A350,467000.0,1136.0,high,6/23/2026,Tuesday
ARRIVAL,EY 405,Etihad,BKK,AUH,JED,15:05,23:25,125,740,Boeing 787,459000.0,1136.0,high,6/23/2026,Tuesday
ARRIVAL,GF 153,Gulf Air,BKK,BAH,JED,20:15,3:55,120,700,Boeing 787,481000.0,1171.0,high,6/23/2026,Tuesday
ARRIVAL,WY 818,Oman Air,BKK,MCT,JED,9:00,17:10,180,730,Boeing 787,467000.0,1273.0,high,6/23/2026,Tuesday
ARRIVAL,G9 824,Air Arabia,BKK,SHJ,JED,11:20,22:50,375,930,Airbus A320neo,487000.0,1373.0,high,6/23/2026,Tuesday
ARRIVAL,G9 822,Air Arabia,BKK,SHJ,JED,8:55,15:45,95,650,Airbus A321,555000.0,1389.0,high,6/23/2026,Tuesday
ARRIVAL,SV 849,Saudia,BKK,Direct,JED,1:50,6:00,0,490,Boeing 787,331000.0,1868.0,high,6/23/2026,Tuesday
ARRIVAL,EY 114,Etihad,BCN,AUH,JED,22:30,10:30,90,660,Boeing 787,479000.0,1751.0,high,8/9/2026,Sunday
ARRIVAL,A3 711,Aegean,BCN,ATH,JED,12:15,2:35,415,800,Airbus A321neo,311000.0,2122.0,high,8/9/2026,Sunday
ARRIVAL,VF 608,AJet,BCN,ESB,JED,17:00,3:40,95,580,Boeing 737MAX 8 Passenger,336000.0,2126.0,high,8/9/2026,Sunday
ARRIVAL,QR 146,Qatar Airways,BCN,DOH,JED,16:35,3:20,60,585,Boeing 787,400000.0,2189.0,high,8/9/2026,Sunday
ARRIVAL,TK 1852,Turkish Airlines,BCN,IST,JED,7:40,18:20,140,580,Airbus A321 (Sharklets),441000.0,2387.0,high,8/9/2026,Sunday
ARRIVAL,EY 114,Etihad,BCN,AUH,JED,22:30,23:25,860,1435,Boeing 787,479000.0,1534.0,high,8/9/2026,Sunday
ARRIVAL,A3 713,Aegean,BCN,ATH,JED,1:55,2:35,1035,1420,Airbus A321neo,311000.0,1782.0,high,8/9/2026,Sunday
ARRIVAL,AT 965,Royal Air Maroc,BCN,CMN,JED,13:45,13:10,700,1345,Boeing 737MAX 8 Passenger,488000.0,2123.0,high,8/9/2026,Sunday
ARRIVAL,QR 138,Qatar Airways,BCN,DOH,JED,9:15,21:05,125,650,Boeing 787,403000.0,2189.0,high,8/9/2026,Sunday
ARRIVAL,QR 142,Qatar Airways,BCN,DOH,JED,22:50,10:10,100,620,Boeing 787,400000.0,2189.0,high,8/9/2026,Sunday
ARRIVAL,PC 1092,Pegasus,BCN,SAW,JED,13:50,1:10,185,620,Airbus A321,346000.0,2202.0,high,8/9/2026,Sunday
ARRIVAL,EY 112,Etihad,BCN,AUH,JED,10:45,23:25,125,700,Boeing 787,479000.0,2369.0,high,8/9/2026,Sunday
ARRIVAL,TK 1468,Turkish Airlines,BCN,IST,JED,14:35,5:05,360,810,Airbus A321neo,357000.0,2387.0,high,8/9/2026,Sunday
ARRIVAL,TK 1468,Turkish Airlines,BCN,IST,JED,14:35,0:30,80,535,Airbus A321neo,362000.0,2705.0,high,8/9/2026,Sunday
ARRIVAL,TK 1856,Turkish Airlines,BCN,IST,JED,19:05,5:05,105,540,Airbus A330,348000.0,2705.0,high,8/9/2026,Sunday
ARRIVAL,RJ 108,Royal Jordanian,BCN,AMM,JED,16:35,3:05,165,570,Airbus A320neo,356000.0,2966.0,high,8/9/2026,Sunday
ARRIVAL,MS 768,EgyptAir,BCN,CAI,JED,16:25,2:40,175,555,Boeing 737,388000.0,4167.0,high,8/9/2026,Sunday
ARRIVAL,AZ 77,ITA,BCN,FCO,JED,11:40,21:55,165,555,Airbus A320neo,706000.0,14206.0,high,8/9/2026,Sunday
DEPARTURE,F3 755,flyadeal,JED,Direct,CAI,8:20,10:45,0,145,Airbus A320,107000.0,366.0,high,8/11/2026,Tuesday
DEPARTURE,SV 309,Saudia,JED,Direct,CAI,0:55,3:05,0,130,Airbus A330,113000.0,394.0,high,8/11/2026,Tuesday
DEPARTURE,XY 565,Flynas,JED,Direct,CAI,6:00,8:10,0,130,Airbus A320neo,98000.0,399.0,high,8/11/2026,Tuesday
DEPARTURE,XY 571,Flynas,JED,Direct,CAI,13:30,15:40,0,130,Airbus A320neo,98000.0,399.0,high,8/11/2026,Tuesday
DEPARTURE,XY 577,Flynas,JED,Direct,CAI,15:10,17:20,0,130,Airbus A320neo,98000.0,399.0,high,8/11/2026,Tuesday
DEPARTURE,XY 569,Flynas,JED,Direct,CAI,16:05,18:15,0,130,Airbus A320neo,98000.0,399.0,high,8/11/2026,Tuesday
DEPARTURE,XY 589,Flynas,JED,Direct,CAI,20:25,22:35,0,130,Airbus A320neo,98000.0,399.0,high,8/11/2026,Tuesday
DEPARTURE,XY 567,Flynas,JED,Direct,CAI,22:15,0:25,0,130,Airbus A320neo,98000.0,399.0,high,8/11/2026,Tuesday
DEPARTURE,F3 753,flyadeal,JED,Direct,CAI,6:45,8:45,0,120,Airbus A320,107000.0,466.0,high,8/11/2026,Tuesday
DEPARTURE,F3 761,flyadeal,JED,Direct,CAI,18:20,20:45,0,145,Airbus A320,107000.0,466.0,high,8/11/2026,Tuesday
DEPARTURE,F3 763,flyadeal,JED,Direct,CAI,21:20,23:20,0,120,Airbus A320,107000.0,466.0,high,8/11/2026,Tuesday
DEPARTURE,E5 328,Air Arabia Egypt,JED,Direct,CAI,9:00,11:15,0,135,Airbus A320,114000.0,489.0,high,8/11/2026,Tuesday
DEPARTURE,SM 478,Air Cairo,JED,Direct,CAI,7:40,9:45,0,125,Airbus A320,110000.0,646.0,high,8/11/2026,Tuesday
DEPARTURE,SM 476,Air Cairo,JED,Direct,CAI,14:40,16:45,0,125,Airbus A320,110000.0,646.0,high,8/11/2026,Tuesday
DEPARTURE,SM 480,Air Cairo,JED,Direct,CAI,22:30,0:35,0,125,Airbus A320,110000.0,646.0,high,8/11/2026,Tuesday
DEPARTURE,MS 674,EgyptAir,JED,Direct,CAI,5:10,7:20,0,130,Boeing 737,132000.0,660.0,high,8/11/2026,Tuesday
DEPARTURE,MS 666,EgyptAir,JED,Direct,CAI,6:15,8:25,0,130,Boeing 737,132000.0,660.0,high,8/11/2026,Tuesday
DEPARTURE,MS 662,EgyptAir,JED,Direct,CAI,11:10,13:20,0,130,Airbus A330,115000.0,660.0,high,8/11/2026,Tuesday
DEPARTURE,MS 672,EgyptAir,JED,Direct,CAI,18:30,20:40,0,130,Airbus A330,115000.0,660.0,high,8/11/2026,Tuesday
DEPARTURE,MS 670,EgyptAir,JED,Direct,CAI,23:00,1:10,0,130,Boeing 737,132000.0,660.0,high,8/11/2026,Tuesday
DEPARTURE,MS 644,EgyptAir,JED,Direct,CAI,0:30,2:40,0,130,Boeing 737,127000.0,790.0,high,8/11/2026,Tuesday
DEPARTURE,NP 228,Nile Air,JED,Direct,CAI,9:30,11:35,0,125,Airbus A320,110000.0,835.0,high,8/11/2026,Tuesday
DEPARTURE,NP 128,Nile Air,JED,Direct,CAI,16:00,18:05,0,125,Airbus A320,110000.0,835.0,high,8/11/2026,Tuesday
DEPARTURE,MS 664,EgyptAir,JED,Direct,CAI,3:40,5:50,0,130,Airbus A330,115000.0,1010.0,high,8/11/2026,Tuesday
DEPARTURE,EY 612,Etihad,JED,AUH,IAD,19:00,9:45,270,1305,Airbus A321,793000.0,2570.0,typical,8/9/2026,Sunday
DEPARTURE,TK 95,Turkish Airlines,JED,IST,IAD,1:30,11:35,140,1025,Airbus A321neo,566000.0,2636.0,typical,8/9/2026,Sunday
DEPARTURE,EK 804,Emirates,JED,DXB,IAD,20:10,8:40,130,1170,Airbus A380,981000.0,2669.0,typical,8/9/2026,Sunday
DEPARTURE,TK 97,Turkish Airlines,JED,IST,IAD,6:05,19:50,355,1245,Airbus A321neo,670000.0,2866.0,typical,8/9/2026,Sunday
DEPARTURE,TK 127,Turkish Airlines,JED,IST,IAD,19:20,11:35,490,1395,Boeing 737,601000.0,2866.0,typical,8/9/2026,Sunday
DEPARTURE,QR 1185,Qatar Airways,JED,DOH,IAD,4:50,15:40,70,1070,Boeing 787,826000.0,3606.0,typical,8/9/2026,Sunday
DEPARTURE,FZ 830,flydubai,JED,DXB,IAD,17:45,8:40,275,1315,Boeing 737,991000.0,3698.0,typical,8/9/2026,Sunday
DEPARTURE,SV 1054,Saudia,JED,RUH,IAD,23:55,15:45,430,1370,Boeing 787,877000.0,4075.0,typical,8/9/2026,Sunday
DEPARTURE,SV 127,Saudia,JED,CDG,IAD,8:50,19:35,185,1065,Boeing 787,539000.0,5808.0,typical,8/9/2026,Sunday
ARRIVAL,SV 1421,Saudia,MED,Direct,JED,3:40,4:50,0,70,Airbus A330,60000.0,249.0,typical,7/5/2026,Sunday
ARRIVAL,SV 1423,Saudia,MED,Direct,JED,6:05,7:15,0,70,Airbus A321,66000.0,249.0,typical,7/5/2026,Sunday
ARRIVAL,SV 1425,Saudia,MED,Direct,JED,10:20,11:30,0,70,Airbus A320,61000.0,249.0,typical,7/5/2026,Sunday
ARRIVAL,SV 1429,Saudia,MED,Direct,JED,18:40,19:50,0,70,Airbus A320,61000.0,249.0,typical,7/5/2026,Sunday
ARRIVAL,SV 1431,Saudia,MED,Direct,JED,22:20,23:30,0,70,Airbus A320,61000.0,249.0,typical,7/5/2026,Sunday
ARRIVAL,XY 94,Flynas,MED,RUH,JED,10:25,14:55,75,270,Airbus A320neo,144000.0,631.0,typical,7/5/2026,Sunday
ARRIVAL,XY 787,Flynas,MED,RUH,JED,15:20,19:35,60,255,Airbus A320neo,144000.0,631.0,typical,7/5/2026,Sunday
ARRIVAL,XY 98,Flynas,MED,RUH,JED,21:55,2:10,60,255,Airbus A320neo,144000.0,631.0,typical,7/5/2026,Sunday
ARRIVAL,GF 180,Gulf Air,MED,BAH,JED,13:10,20:30,175,440,Airbus A320,285000.0,992.0,typical,7/5/2026,Sunday
ARRIVAL,MS 640,EgyptAir,MED,CAI,JED,11:50,17:30,90,340,Airbus A330,198000.0,1425.0,typical,7/5/2026,Sunday
DEPARTURE,EY 602,Etihad,JED,AUH,BKK,3:10,18:10,100,660,Airbus A321neo,526000.0,964.0,typical,5/3/2026,Sunday
DEPARTURE,EY 616,Etihad,JED,AUH,BKK,15:20,6:45,125,685,Airbus A321,479000.0,964.0,typical,5/3/2026,Sunday
DEPARTURE,G9 148,Air Arabia,JED,SHJ,BKK,16:30,10:20,285,830,Airbus A321,562000.0,1028.0,typical,5/3/2026,Sunday
DEPARTURE,WY 674,Oman Air,JED,MCT,BKK,0:55,17:45,210,770,Boeing 737,464000.0,1096.0,typical,5/3/2026,Sunday
DEPARTURE,QR 1189,Qatar Airways,JED,DOH,BKK,22:35,13:45,115,670,Boeing 777,514000.0,1118.0,typical,5/3/2026,Sunday
DEPARTURE,EY 612,Etihad,JED,AUH,BKK,19:00,18:10,590,1150,Airbus A321,479000.0,964.0,typical,5/3/2026,Sunday
DEPARTURE,QR 1183,Qatar Airways,JED,DOH,BKK,3:10,19:45,200,755,Airbus A350,507000.0,1118.0,typical,5/3/2026,Sunday
DEPARTURE,QR 1191,Qatar Airways,JED,DOH,BKK,11:30,6:50,365,920,Boeing 777,517000.0,1118.0,typical,5/3/2026,Sunday
DEPARTURE,GF 184,Gulf Air,JED,BAH,BKK,16:40,9:45,245,785,Airbus A320neo,448000.0,1434.0,typical,5/3/2026,Sunday
DEPARTURE,AI 2256,Air India,JED,DEL,BKK,21:50,14:15,135,745,Airbus A320neo,521000.0,1780.0,typical,5/3/2026,Sunday
DEPARTURE,EK 802,Emirates,JED,DXB,BKK,4:05,18:20,65,615,Airbus A380,515000.0,1865.0,typical,5/3/2026,Sunday
ARRIVAL,XY 552,Flynas,AMM,Direct,JED,15:10,17:15,0,125,Airbus A320neo,95000.0,569.0,high,9/10/2026,Thursday
ARRIVAL,XY 554,Flynas,AMM,Direct,JED,23:00,1:05,0,125,Airbus A320neo,95000.0,569.0,high,9/10/2026,Thursday
ARRIVAL,RJ 704,Royal Jordanian,AMM,Direct,JED,0:50,3:05,0,135,Airbus A320neo,106000.0,973.0,high,9/10/2026,Thursday
ARRIVAL,XY 832,Flynas,AMM,DMM,JED,0:25,11:45,410,680,Airbus A320neo,212000.0,771.0,high,9/10/2026,Thursday
ARRIVAL,RJ 702,Royal Jordanian,AMM,Direct,JED,10:40,12:55,0,135,Embraer 190 E2,130000.0,973.0,high,9/10/2026,Thursday
ARRIVAL,RJ 706,Royal Jordanian,AMM,Direct,JED,17:25,19:40,0,135,Airbus A320neo,106000.0,973.0,high,9/10/2026,Thursday
ARRIVAL,A3 941,Aegean,AMM,ATH,JED,4:00,2:35,995,1355,Airbus A320neo,274000.0,1187.0,high,9/10/2026,Thursday
ARRIVAL,SV 632,Saudia,AMM,Direct,JED,13:30,15:40,0,130,Airbus A320,128000.0,1577.0,high,9/10/2026,Thursday
ARRIVAL,SV 636,Saudia,AMM,Direct,JED,20:40,22:50,0,130,Airbus A320,128000.0,1577.0,high,9/10/2026,Thursday
DEPARTURE,SM 478,Air Cairo,JED,Direct,CAI,7:40,8:45,0,125,Airbus A320,110000.0,646.0,typical,4/19/2026,Sunday
DEPARTURE,XY 567,Flynas,JED,Direct,CAI,22:15,23:25,0,130,Airbus A320neo,98000.0,679.0,typical,4/19/2026,Sunday
DEPARTURE,NE 171,Nesma Airlines,JED,Direct,CAI,8:45,10:00,0,135,Airbus A320,120000.0,763.0,typical,4/19/2026,Sunday
DEPARTURE,E5 328,Air Arabia Egypt,JED,Direct,CAI,9:00,10:15,0,135,Airbus A320,114000.0,808.0,typical,4/19/2026,Sunday
DEPARTURE,MS 662,EgyptAir,JED,Direct,CAI,11:30,12:40,0,130,Boeing 737,127000.0,925.0,typical,4/19/2026,Sunday
DEPARTURE,SM 476,Air Cairo,JED,Direct,CAI,17:30,18:35,0,125,Airbus A320,110000.0,706.0,typical,4/19/2026,Sunday
DEPARTURE,XY 565,Flynas,JED,Direct,CAI,6:25,7:35,0,130,Airbus A320neo,98000.0,759.0,typical,4/19/2026,Sunday
DEPARTURE,XY 583,Flynas,JED,Direct,CAI,7:20,8:30,0,130,Airbus A320neo,98000.0,759.0,typical,4/19/2026,Sunday
DEPARTURE,XY 571,Flynas,JED,Direct,CAI,13:30,14:40,0,130,Airbus A320neo,98000.0,759.0,typical,4/19/2026,Sunday
DEPARTURE,XY 577,Flynas,JED,Direct,CAI,15:10,16:20,0,130,Airbus A320neo,98000.0,759.0,typical,4/19/2026,Sunday
DEPARTURE,XY 569,Flynas,JED,Direct,CAI,16:05,17:15,0,130,Airbus A320neo,98000.0,759.0,typical,4/19/2026,Sunday
DEPARTURE,XY 589,Flynas,JED,Direct,CAI,20:25,21:35,0,130,Airbus A320neo,98000.0,759.0,typical,4/19/2026,Sunday
DEPARTURE,F3 763,flyadeal,JED,Direct,CAI,21:20,22:20,0,120,Airbus A320,107000.0,1156.0,typical,4/19/2026,Sunday
DEPARTURE,SV 309,Saudia,JED,Direct,CAI,0:55,2:05,0,130,Airbus A330,113000.0,1353.0,typical,4/19/2026,Sunday
DEPARTURE,SV 389,Saudia,JED,Direct,CAI,19:55,21:05,0,130,Airbus A330,113000.0,1353.0,typical,4/19/2026,Sunday
DEPARTURE,MS 644,EgyptAir,JED,Direct,CAI,0:35,1:45,0,130,Boeing 737,191000.0,1571.0,typical,4/19/2026,Sunday
DEPARTURE,MS 664,EgyptAir,JED,Direct,CAI,3:40,4:50,0,130,Boeing 737,198000.0,1571.0,typical,4/19/2026,Sunday
DEPARTURE,MS 672,EgyptAir,JED,Direct,CAI,19:55,21:05,0,130,Boeing 737,184000.0,1627.0,typical,4/19/2026,Sunday
DEPARTURE,F3 753,flyadeal,JED,Direct,CAI,6:45,7:45,0,120,Airbus A320,107000.0,2106.0,typical,4/19/2026,Sunday
DEPARTURE,F3 755,flyadeal,JED,Direct,CAI,8:20,9:45,0,145,Airbus A320,107000.0,2106.0,typical,4/19/2026,Sunday
DEPARTURE,F3 761,flyadeal,JED,Direct,CAI,18:20,19:45,0,145,Airbus A320,107000.0,2106.0,typical,4/19/2026,Sunday
DEPARTURE,SV 383,Saudia,JED,Direct,CAI,3:25,4:35,0,130,Airbus A330,113000.0,2119.0,typical,4/19/2026,Sunday
DEPARTURE,SV 301,Saudia,JED,Direct,CAI,9:10,10:20,0,130,Airbus A330,97000.0,2119.0,typical,4/19/2026,Sunday
DEPARTURE,SV 335,Saudia,JED,Direct,CAI,5:50,7:00,0,130,Airbus A321,189000.0,2353.0,typical,4/19/2026,Sunday
DEPARTURE,SV 303,Saudia,JED,Direct,CAI,17:20,18:30,0,130,Airbus A330,389000.0,2926.0,typical,4/19/2026,Sunday
DEPARTURE,EY 616,Etihad,JED,AUH,ZRH,15:20,13:30,815,1390,Airbus A321,567000.0,1152.0,high,8/8/2026,Saturday
DEPARTURE,VF 190,AJet,JED,SAW,ZRH,3:10,10:20,70,490,Boeing 737,335000.0,1289.0,high,8/8/2026,Saturday
DEPARTURE,PC 695,Pegasus,JED,SAW,ZRH,2:30,10:35,135,545,Airbus A321,320000.0,1777.0,high,8/8/2026,Saturday
DEPARTURE,EY 612,Etihad,JED,AUH,ZRH,19:00,13:30,595,1170,Airbus A321,567000.0,1340.0,high,8/8/2026,Saturday
DEPARTURE,PC 699,Pegasus,JED,SAW,ZRH,5:10,19:45,525,935,Airbus A321,316000.0,1621.0,high,8/8/2026,Saturday
DEPARTURE,EY 604,Etihad,JED,AUH,ZRH,5:40,18:55,280,855,Airbus A321,567000.0,1626.0,high,8/8/2026,Saturday
DEPARTURE,PC 699,Pegasus,JED,SAW,ZRH,5:10,15:00,240,650,Airbus A321,316000.0,1777.0,high,8/8/2026,Saturday
DEPARTURE,A3 951,Aegean,JED,ATH,ZRH,3:30,10:20,80,470,Airbus A320neo,298000.0,2195.0,high,8/8/2026,Saturday
DEPARTURE,SV 233,Saudia,JED,Direct,ZRH,9:35,14:45,0,370,Airbus A320,462000.0,3628.0,high,8/8/2026,Saturday
DEPARTURE,SV 211,Saudia,JED,MXP,ZRH,9:45,15:45,45,420,Airbus A330,338000.0,4579.0,high,8/8/2026,Saturday
ARRIVAL,F3 808,flyadeal,IST,Direct,JED,22:50,2:50,0,240,Airbus A320,198000.0,555.0,typical,7/20/2026,Monday
ARRIVAL,XY 300,Flynas,IST,RUH,JED,20:45,7:20,300,635,Airbus A320neo,281000.0,796.0,typical,7/20/2026,Monday
ARRIVAL,TK 126,Turkish Airlines,IST,Direct,JED,14:30,18:20,0,230,Boeing 737,229000.0,1330.0,typical,7/20/2026,Monday
ARRIVAL,GF 46,Gulf Air,IST,BAH,JED,5:45,15:40,210,595,Airbus A320neo,319000.0,1010.0,typical,7/20/2026,Monday
ARRIVAL,TK 96,Turkish Airlines,IST,Direct,JED,1:15,5:05,0,230,Airbus A321neo,188000.0,1330.0,typical,7/20/2026,Monday
ARRIVAL,TK 92,Turkish Airlines,IST,Direct,JED,12:05,15:55,0,230,Airbus A321neo,194000.0,1330.0,typical,7/20/2026,Monday
ARRIVAL,TK 94,Turkish Airlines,IST,Direct,JED,20:35,0:30,0,235,Airbus A321neo,194000.0,1330.0,typical,7/20/2026,Monday
ARRIVAL,SV 266,Saudia,IST,Direct,JED,11:55,15:45,0,230,Airbus A321,232000.0,1929.0,typical,7/20/2026,Monday
ARRIVAL,SV 256,Saudia,IST,Direct,JED,15:25,19:10,0,225,Airbus A330,199000.0,1929.0,typical,7/20/2026,Monday
ARRIVAL,SV 278,Saudia,IST,Direct,JED,18:25,22:15,0,230,Airbus A321,232000.0,1929.0,typical,7/20/2026,Monday
ARRIVAL,SV 260,Saudia,IST,Direct,JED,22:25,2:15,0,230,Airbus A321,232000.0,1929.0,typical,7/20/2026,Monday
ARRIVAL,QR 106,Qatar Airways,LHR,DOH,JED,18:55,10:10,240,795,Boeing 777,510000.0,2038.0,typical,7/11/2026,Saturday
ARRIVAL,TK 1972,Turkish Airlines,LHR,IST,JED,18:30,5:05,60,515,Boeing 777,394000.0,3083.0,typical,7/11/2026,Saturday
ARRIVAL,SV 118,Saudia,LHR,Direct,JED,22:10,6:20,0,370,Boeing 787,306000.0,3939.0,typical,7/11/2026,Saturday
ARRIVAL,A3 609,Aegean,LHR,ATH,JED,22:15,2:35,1150,1580,Airbus A321neo,345000.0,1793.0,typical,7/11/2026,Saturday
ARRIVAL,AF 1181,Air France,LHR,CDG,JED,19:45,10:45,80,780,Airbus A220-300 Passenger,465000.0,2422.0,typical,7/11/2026,Saturday
ARRIVAL,AF 1181,Air France,LHR,CDG,JED,19:45,11:45,80,840,Airbus A220-300 Passenger,469000.0,2422.0,typical,7/11/2026,Saturday
ARRIVAL,EY 68,Etihad,LHR,AUH,JED,21:45,10:30,55,645,Airbus A380,573000.0,2711.0,typical,7/11/2026,Saturday
ARRIVAL,WY 104,Oman Air,LHR,MCT,JED,8:25,0:05,190,820,Boeing 787,512000.0,2883.0,typical,7/11/2026,Saturday
ARRIVAL,QR 6,Qatar Airways,LHR,DOH,JED,8:25,21:05,85,640,Airbus A380,526000.0,2967.0,typical,7/11/2026,Saturday
ARRIVAL,TK 1988,Turkish Airlines,LHR,IST,JED,6:30,18:20,125,590,Airbus A321neo,393000.0,3083.0,typical,7/11/2026,Saturday
ARRIVAL,TK 1990,Turkish Airlines,LHR,IST,JED,13:20,0:30,85,550,Airbus A330,369000.0,3083.0,typical,7/11/2026,Saturday
ARRIVAL,MS 780,EgyptAir,LHR,CAI,JED,22:10,10:30,195,620,Airbus A320neo,378000.0,3215.0,typical,7/11/2026,Saturday
ARRIVAL,RJ 112,Royal Jordanian,LHR,AMM,JED,17:05,3:05,45,480,Boeing 787,343000.0,3661.0,typical,7/11/2026,Saturday
ARRIVAL,SV 120,Saudia,LHR,Direct,JED,14:40,22:50,0,370,Boeing 787,264000.0,4396.0,typical,7/11/2026,Saturday
DEPARTURE,EY 602,Etihad,JED,AUH,BKK,3:10,18:10,100,660,Airbus A321neo,526000.0,964.0,typical,5/17/2026,Sunday
DEPARTURE,EY 616,Etihad,JED,AUH,BKK,15:20,6:45,125,685,Airbus A321,479000.0,964.0,typical,5/17/2026,Sunday
DEPARTURE,WY 674,Oman Air,JED,MCT,BKK,0:55,17:45,210,770,Boeing 737,464000.0,1096.0,typical,5/17/2026,Sunday
DEPARTURE,G9 148,Air Arabia,JED,SHJ,BKK,16:30,10:20,285,830,Airbus A321 (Sharklets),562000.0,1106.0,typical,5/17/2026,Sunday
DEPARTURE,QR 1189,Qatar Airways,JED,DOH,BKK,22:35,13:45,115,670,Boeing 777,514000.0,1118.0,typical,5/17/2026,Sunday
DEPARTURE,EY 612,Etihad,JED,AUH,BKK,19:00,18:10,590,1150,Airbus A321neo,444000.0,964.0,typical,5/17/2026,Sunday
DEPARTURE,GF 184,Gulf Air,JED,BAH,BKK,16:40,9:45,245,785,Airbus A320,480000.0,1434.0,typical,5/17/2026,Sunday
DEPARTURE,6E 92,IndiGo,JED,BOM,BKK,1:05,19:15,250,850,Airbus A320neo,430000.0,1530.0,typical,5/17/2026,Sunday
DEPARTURE,AI 2256,Air India,JED,DEL,BKK,21:50,14:15,135,745,Airbus A320neo,521000.0,1780.0,typical,5/17/2026,Sunday
DEPARTURE,EK 802,Emirates,JED,DXB,BKK,4:05,18:20,65,615,Airbus A380,515000.0,1865.0,typical,5/17/2026,Sunday
DEPARTURE,SV 526,Saudia,JED,BAH,BKK,17:05,9:45,220,760,Airbus A320,474000.0,2686.0,typical,5/17/2026,Sunday
DEPARTURE,EY 602,Etihad,JED,Direct,AUH,3:10,6:55,0,165,Airbus A321neo,130000.0,595.0,high,5/30/2026,Saturday
DEPARTURE,EY 604,Etihad,JED,Direct,AUH,5:30,9:20,0,170,Airbus A321,166000.0,595.0,high,5/30/2026,Saturday
DEPARTURE,EY 612,Etihad,JED,Direct,AUH,19:00,22:45,0,165,Airbus A321,166000.0,1883.0,high,5/30/2026,Saturday
DEPARTURE,SV 1018,Saudia,JED,RUH,AUH,6:00,14:05,210,425,Airbus A330,193000.0,2368.0,high,5/30/2026,Saturday
DEPARTURE,GF 176,Gulf Air,JED,BAH,AUH,5:20,18:35,530,735,Airbus A320,223000.0,1611.0,high,5/30/2026,Saturday
DEPARTURE,SV 1054,Saudia,JED,RUH,AUH,23:55,14:05,575,790,Airbus A320,214000.0,2368.0,high,5/30/2026,Saturday
DEPARTURE,SV 1018,Saudia,JED,RUH,AUH,6:00,13:00,145,360,Airbus A330,182000.0,2598.0,high,5/30/2026,Saturday
DEPARTURE,SV 1054,Saudia,JED,RUH,AUH,23:55,7:10,160,375,Airbus A320,206000.0,2598.0,high,5/30/2026,Saturday
DEPARTURE,EY 616,Etihad,JED,Direct,AUH,15:20,19:05,0,165,Airbus A321,166000.0,3705.0,high,5/30/2026,Saturday
ARRIVAL,EY 32,Etihad,CDG,AUH,JED,10:40,23:25,110,705,Airbus A350,436000.0,1428.0,typical,5/23/2026,Saturday
ARRIVAL,A3 617,Aegean,CDG,ATH,JED,14:05,2:35,285,690,Airbus A321neo,324000.0,1698.0,typical,5/23/2026,Saturday
ARRIVAL,QR 40,Qatar Airways,CDG,DOH,JED,16:25,5:10,115,705,Boeing 777,522000.0,1764.0,typical,5/23/2026,Saturday
ARRIVAL,VF 12,AJet,CDG,SAW,JED,12:35,2:05,300,750,Airbus A321neo,334000.0,1812.0,typical,5/23/2026,Saturday
ARRIVAL,TK 1828,Turkish Airlines,CDG,IST,JED,19:45,5:05,65,500,Airbus A350,356000.0,2368.0,typical,5/23/2026,Saturday
ARRIVAL,EY 34,Etihad,CDG,AUH,JED,21:50,10:25,120,695,Boeing 787,504000.0,1428.0,typical,5/23/2026,Saturday
ARRIVAL,QR 42,Qatar Airways,CDG,DOH,JED,9:55,10:00,815,1385,Boeing 777,522000.0,1760.0,typical,5/23/2026,Saturday
ARRIVAL,QR 38,Qatar Airways,CDG,DOH,JED,22:50,12:00,140,730,Boeing 777,522000.0,1781.0,typical,5/23/2026,Saturday
ARRIVAL,TK 1824,Turkish Airlines,CDG,IST,JED,14:20,0:30,100,550,Airbus A330,349000.0,2368.0,typical,5/23/2026,Saturday
ARRIVAL,SV 126,Saudia,CDG,Direct,JED,15:55,22:40,0,345,Boeing 777,347000.0,3451.0,typical,5/23/2026,Saturday
ARRIVAL,SV 130,Saudia,CDG,Direct,JED,8:25,15:10,0,345,Boeing 787,287000.0,5125.0,typical,5/23/2026,Saturday
ARRIVAL,XY 419,Flynas,DMM,Direct,JED,12:45,14:55,0,130,Airbus A320neo,98000.0,380.0,high,9/14/2026,Monday
ARRIVAL,XY 405,Flynas,DMM,Direct,JED,15:30,17:40,0,130,Airbus A320neo,98000.0,380.0,high,9/14/2026,Monday
ARRIVAL,F3 308,flyadeal,DMM,Direct,JED,13:50,15:55,0,125,Airbus A320,107000.0,385.0,high,9/14/2026,Monday
ARRIVAL,SV 1115,Saudia,DMM,Direct,JED,16:15,18:25,0,130,Airbus A320,132000.0,486.0,high,9/14/2026,Monday
ARRIVAL,XY 407,Flynas,DMM,Direct,JED,0:40,2:50,0,130,Airbus A320neo,98000.0,380.0,high,9/14/2026,Monday
ARRIVAL,XY 413,Flynas,DMM,Direct,JED,1:55,4:05,0,130,Airbus A320neo,98000.0,380.0,high,9/14/2026,Monday
ARRIVAL,XY 403,Flynas,DMM,Direct,JED,9:35,11:45,0,130,Airbus A320neo,98000.0,380.0,high,9/14/2026,Monday
ARRIVAL,XY 411,Flynas,DMM,Direct,JED,21:15,23:25,0,130,Airbus A320neo,98000.0,380.0,high,9/14/2026,Monday
ARRIVAL,XY 422,Flynas,DMM,Direct,JED,22:15,0:25,0,130,Airbus A320neo,98000.0,380.0,high,9/14/2026,Monday
ARRIVAL,F3 324,flyadeal,DMM,Direct,JED,2:10,4:20,0,130,Airbus A320,107000.0,385.0,high,9/14/2026,Monday
ARRIVAL,F3 322,flyadeal,DMM,Direct,JED,2:55,5:05,0,130,Airbus A320,107000.0,385.0,high,9/14/2026,Monday
ARRIVAL,F3 304,flyadeal,DMM,Direct,JED,10:45,12:55,0,130,Airbus A320,107000.0,385.0,high,9/14/2026,Monday
ARRIVAL,F3 310,flyadeal,DMM,Direct,JED,15:45,17:55,0,130,Airbus A320,107000.0,385.0,high,9/14/2026,Monday
ARRIVAL,F3 318,flyadeal,DMM,Direct,JED,21:20,23:30,0,130,Airbus A320,107000.0,385.0,high,9/14/2026,Monday
ARRIVAL,SV 1131,Saudia,DMM,Direct,JED,1:10,3:20,0,130,Airbus A320,132000.0,486.0,high,9/14/2026,Monday
ARRIVAL,SV 1127,Saudia,DMM,Direct,JED,4:15,6:25,0,130,Airbus A320,132000.0,486.0,high,9/14/2026,Monday
ARRIVAL,SV 1105,Saudia,DMM,Direct,JED,6:15,8:25,0,130,Airbus A320,132000.0,486.0,high,9/14/2026,Monday
ARRIVAL,SV 1107,Saudia,DMM,Direct,JED,10:15,12:25,0,130,Airbus A320,132000.0,486.0,high,9/14/2026,Monday
ARRIVAL,SV 1109,Saudia,DMM,Direct,JED,12:15,14:25,0,130,Airbus A321,126000.0,486.0,high,9/14/2026,Monday
ARRIVAL,SV 1113,Saudia,DMM,Direct,JED,14:15,16:25,0,130,Airbus A320,132000.0,486.0,high,9/14/2026,Monday
ARRIVAL,SV 1117,Saudia,DMM,Direct,JED,18:15,20:25,0,130,Airbus A320,132000.0,486.0,high,9/14/2026,Monday
ARRIVAL,SV 1125,Saudia,DMM,Direct,JED,20:15,22:25,0,130,Airbus A320,132000.0,486.0,high,9/14/2026,Monday
ARRIVAL,SV 1129,Saudia,DMM,Direct,JED,22:15,0:25,0,130,Airbus A320,132000.0,486.0,high,9/14/2026,Monday
DEPARTURE,XY 439,Flynas,JED,Direct,GIZ,6:15,7:45,0,90,Airbus A320neo,65000.0,269.0,typical,5/23/2026,Saturday
DEPARTURE,XY 441,Flynas,JED,Direct,GIZ,19:25,20:55,0,90,Airbus A320neo,65000.0,269.0,typical,5/23/2026,Saturday
DEPARTURE,F3 357,flyadeal,JED,Direct,GIZ,16:35,18:10,0,95,Airbus A320,70000.0,275.0,typical,5/23/2026,Saturday
DEPARTURE,F3 353,flyadeal,JED,Direct,GIZ,13:20,14:45,0,85,Airbus A320,70000.0,355.0,typical,5/23/2026,Saturday
DEPARTURE,F3 355,flyadeal,JED,Direct,GIZ,15:15,16:40,0,85,Airbus A320,70000.0,355.0,typical,5/23/2026,Saturday
DEPARTURE,SV 1781,Saudia,JED,Direct,GIZ,2:20,3:55,0,95,Airbus A320,87000.0,452.0,typical,5/23/2026,Saturday
DEPARTURE,SV 1766,Saudia,JED,Direct,GIZ,9:30,11:05,0,95,Airbus A320,87000.0,452.0,typical,5/23/2026,Saturday
DEPARTURE,SV 1788,Saudia,JED,Direct,GIZ,11:55,13:30,0,95,Airbus A320,87000.0,452.0,typical,5/23/2026,Saturday
DEPARTURE,SV 1768,Saudia,JED,Direct,GIZ,15:30,17:05,0,95,Airbus A320,87000.0,452.0,typical,5/23/2026,Saturday
DEPARTURE,SV 1792,Saudia,JED,Direct,GIZ,18:50,20:25,0,95,Airbus A320,87000.0,452.0,typical,5/23/2026,Saturday
DEPARTURE,SV 1780,Saudia,JED,Direct,GIZ,20:35,22:10,0,95,Airbus A320,87000.0,452.0,typical,5/23/2026,Saturday
DEPARTURE,GF 184,Gulf Air,JED,BAH,BOM,16:40,5:10,235,600,Airbus A321neo,294000.0,651.0,high,8/16/2026,Sunday
DEPARTURE,EY 604,Etihad,JED,AUH,BOM,5:40,19:45,330,695,Airbus A321,308000.0,659.0,high,8/16/2026,Sunday
DEPARTURE,EK 802,Emirates,JED,DXB,BOM,4:05,14:15,95,460,Airbus A380,313000.0,693.0,high,8/16/2026,Sunday
DEPARTURE,SV 770,Saudia,JED,Direct,BOM,1:55,9:25,0,300,Boeing 777,266000.0,745.0,high,8/16/2026,Sunday
DEPARTURE,SV 772,Saudia,JED,Direct,BOM,17:20,0:50,0,300,Boeing 777,266000.0,745.0,high,8/16/2026,Sunday
DEPARTURE,GF 182,Gulf Air,JED,BAH,BOM,6:00,20:55,380,745,Airbus A321neo,294000.0,651.0,high,8/16/2026,Sunday
DEPARTURE,EK 806,Emirates,JED,DXB,BOM,10:45,20:45,80,450,Airbus A380,320000.0,693.0,high,8/16/2026,Sunday
DEPARTURE,EK 804,Emirates,JED,DXB,BOM,20:10,8:15,200,575,Airbus A380,324000.0,693.0,high,8/16/2026,Sunday
DEPARTURE,6E 92,IndiGo,JED,Direct,BOM,1:05,8:55,0,320,Airbus A320neo,242000.0,944.0,high,8/16/2026,Sunday
DEPARTURE,6E 62,IndiGo,JED,Direct,BOM,21:25,5:05,0,310,Airbus A320neo,242000.0,944.0,high,8/16/2026,Sunday
DEPARTURE,AI 2246,Air India,JED,Direct,BOM,22:40,6:30,0,320,Airbus A320neo,269000.0,1041.0,high,8/16/2026,Sunday
DEPARTURE,QP 553,Akasa Air,JED,Direct,BOM,21:45,5:25,0,310,Boeing 737MAX 8 Passenger,236000.0,1784.0,high,8/16/2026,Sunday
DEPARTURE,QP 562,Akasa Air,JED,Direct,BOM,23:55,7:50,0,325,Boeing 737MAX 8 Passenger,222000.0,1784.0,high,8/16/2026,Sunday
DEPARTURE,AI 2252,Air India,JED,BOM,BKK,21:50,13:35,100,705,Airbus A320neo,501000.0,1130.0,typical,8/11/2026,Tuesday
DEPARTURE,GF 184,Gulf Air,JED,BAH,BKK,16:40,9:45,225,785,Airbus A321neo,440000.0,1144.0,typical,8/11/2026,Tuesday
DEPARTURE,EY 616,Etihad,JED,AUH,BKK,15:20,6:15,95,655,Airbus A321,479000.0,1295.0,typical,8/11/2026,Tuesday
DEPARTURE,GF 182,Gulf Air,JED,BAH,BKK,6:00,9:45,865,1425,Airbus A321,486000.0,1091.0,typical,8/11/2026,Tuesday
DEPARTURE,AI 2246,Air India,JED,BOM,BKK,22:40,19:20,420,1000,Airbus A320neo,501000.0,1130.0,typical,8/11/2026,Tuesday
DEPARTURE,QR 1187,Qatar Airways,JED,DOH,BKK,19:50,12:55,230,785,Boeing 787,518000.0,1338.0,typical,8/11/2026,Tuesday
DEPARTURE,WY 690,Oman Air,JED,MCT,BKK,14:05,6:55,210,770,Boeing 737,464000.0,1414.0,high,8/11/2026,Tuesday
DEPARTURE,6E 92,IndiGo,JED,BOM,BKK,1:05,19:15,250,850,Airbus A320neo,446000.0,1458.0,high,8/11/2026,Tuesday
DEPARTURE,QR 1189,Qatar Airways,JED,DOH,BKK,22:35,12:55,65,620,Boeing 787,533000.0,1521.0,high,8/11/2026,Tuesday
DEPARTURE,EK 802,Emirates,JED,DXB,BKK,4:05,18:25,65,620,Airbus A380,515000.0,1865.0,high,8/11/2026,Tuesday
DEPARTURE,G9 148,Air Arabia,JED,SHJ,BKK,16:30,7:50,115,680,Airbus A321,562000.0,1953.0,high,8/11/2026,Tuesday
DEPARTURE,GF 184,Gulf Air,JED,BAH,BOM,16:40,5:10,235,600,Airbus A321neo,294000.0,651.0,high,9/7/2026,Monday
DEPARTURE,EY 612,Etihad,JED,AUH,BOM,19:00,7:10,215,580,Airbus A321,350000.0,659.0,high,9/7/2026,Monday
DEPARTURE,EK 802,Emirates,JED,DXB,BOM,4:05,14:15,95,460,Airbus A380,313000.0,693.0,high,9/7/2026,Monday
DEPARTURE,SV 770,Saudia,JED,Direct,BOM,1:55,9:25,0,300,Boeing 777,266000.0,745.0,high,9/7/2026,Monday
DEPARTURE,GF 182,Gulf Air,JED,BAH,BOM,6:00,20:55,380,745,Airbus A321,340000.0,651.0,high,9/7/2026,Monday
DEPARTURE,EY 604,Etihad,JED,AUH,BOM,5:40,19:45,330,695,Airbus A321,308000.0,659.0,high,9/7/2026,Monday
DEPARTURE,EK 806,Emirates,JED,DXB,BOM,10:45,20:45,80,450,Airbus A380,313000.0,693.0,high,9/7/2026,Monday
DEPARTURE,EK 804,Emirates,JED,DXB,BOM,20:10,8:15,200,575,Airbus A380,324000.0,693.0,high,9/7/2026,Monday
DEPARTURE,SV 772,Saudia,JED,Direct,BOM,17:20,0:50,0,300,Boeing 777,249000.0,745.0,high,9/7/2026,Monday
DEPARTURE,AI 2246,Air India,JED,Direct,BOM,22:40,6:30,0,320,Airbus A320neo,273000.0,801.0,high,9/7/2026,Monday
DEPARTURE,6E 92,IndiGo,JED,Direct,BOM,1:05,8:55,0,320,Airbus A320neo,243000.0,944.0,high,9/7/2026,Monday
DEPARTURE,6E 62,IndiGo,JED,Direct,BOM,21:25,5:05,0,310,Airbus A320neo,243000.0,944.0,high,9/7/2026,Monday
DEPARTURE,QP 553,Akasa Air,JED,Direct,BOM,21:45,5:25,0,310,Boeing 737MAX 8 Passenger,236000.0,1788.0,high,9/7/2026,Monday
DEPARTURE,QP 562,Akasa Air,JED,Direct,BOM,23:55,7:50,0,325,Boeing 737MAX 8 Passenger,223000.0,1788.0,high,9/7/2026,Monday
DEPARTURE,XY 40,Flynas,JED,Direct,RUH,15:40,17:25,0,105,Airbus A320neo,77000.0,339.0,typical,6/26/2026,Friday
DEPARTURE,F3 118,flyadeal,JED,Direct,RUH,14:35,16:10,0,95,Airbus A320,85000.0,345.0,typical,6/26/2026,Friday
DEPARTURE,SV 1038,Saudia,JED,Direct,RUH,16:00,17:45,0,105,Airbus A321,113000.0,424.0,typical,6/26/2026,Friday
DEPARTURE,XY 14,Flynas,JED,Direct,RUH,6:10,7:55,0,105,Airbus A320neo,77000.0,339.0,typical,6/26/2026,Friday
DEPARTURE,XY 64,Flynas,JED,Direct,RUH,6:40,8:25,0,105,Airbus A320neo,77000.0,339.0,typical,6/26/2026,Friday
DEPARTURE,XY 18,Flynas,JED,Direct,RUH,7:20,9:05,0,105,Airbus A320neo,77000.0,339.0,typical,6/26/2026,Friday
DEPARTURE,XY 4,Flynas,JED,Direct,RUH,8:05,9:50,0,105,Airbus A320neo,77000.0,339.0,typical,6/26/2026,Friday
DEPARTURE,XY 6,Flynas,JED,Direct,RUH,9:10,10:55,0,105,Airbus A320neo,77000.0,339.0,typical,6/26/2026,Friday
DEPARTURE,XY 20,Flynas,JED,Direct,RUH,10:40,12:25,0,105,Airbus A320neo,77000.0,339.0,typical,6/26/2026,Friday
DEPARTURE,XY 10,Flynas,JED,Direct,RUH,14:55,16:40,0,105,Airbus A320neo,77000.0,339.0,typical,6/26/2026,Friday
DEPARTURE,XY 60,Flynas,JED,Direct,RUH,16:30,18:15,0,105,Airbus A320neo,77000.0,339.0,typical,6/26/2026,Friday
DEPARTURE,XY 34,Flynas,JED,Direct,RUH,18:45,20:30,0,105,Airbus A320neo,77000.0,339.0,typical,6/26/2026,Friday
DEPARTURE,XY 24,Flynas,JED,Direct,RUH,19:55,21:40,0,105,Airbus A320neo,77000.0,339.0,typical,6/26/2026,Friday
DEPARTURE,XY 62,Flynas,JED,Direct,RUH,21:50,23:35,0,105,Airbus A320neo,77000.0,339.0,typical,6/26/2026,Friday
DEPARTURE,XY 54,Flynas,JED,Direct,RUH,23:59,1:44,0,105,Airbus A320neo,77000.0,339.0,typical,6/26/2026,Friday
DEPARTURE,F3 152,flyadeal,JED,Direct,RUH,0:15,1:55,0,100,Airbus A320,85000.0,345.0,typical,6/26/2026,Friday
DEPARTURE,F3 158,flyadeal,JED,Direct,RUH,0:55,2:30,0,95,Airbus A320,85000.0,345.0,typical,6/26/2026,Friday
DEPARTURE,F3 162,flyadeal,JED,Direct,RUH,2:50,4:25,0,95,Airbus A320,85000.0,345.0,typical,6/26/2026,Friday
DEPARTURE,F3 112,flyadeal,JED,Direct,RUH,6:10,7:45,0,95,Airbus A320,85000.0,345.0,typical,6/26/2026,Friday
DEPARTURE,F3 102,flyadeal,JED,Direct,RUH,7:30,9:10,0,100,Airbus A320,85000.0,345.0,typical,6/26/2026,Friday
DEPARTURE,F3 104,flyadeal,JED,Direct,RUH,8:30,10:10,0,100,Airbus A320,85000.0,345.0,typical,6/26/2026,Friday
DEPARTURE,F3 106,flyadeal,JED,Direct,RUH,9:35,11:20,0,105,Airbus A320,85000.0,345.0,typical,6/26/2026,Friday
DEPARTURE,F3 116,flyadeal,JED,Direct,RUH,12:25,14:05,0,100,Airbus A320,85000.0,345.0,typical,6/26/2026,Friday
DEPARTURE,F3 114,flyadeal,JED,Direct,RUH,13:05,14:40,0,95,Airbus A320,85000.0,345.0,typical,6/26/2026,Friday
DEPARTURE,F3 120,flyadeal,JED,Direct,RUH,13:55,15:35,0,100,Airbus A320,85000.0,345.0,typical,6/26/2026,Friday
DEPARTURE,F3 138,flyadeal,JED,Direct,RUH,15:30,17:10,0,100,Airbus A320,85000.0,345.0,typical,6/26/2026,Friday
DEPARTURE,F3 126,flyadeal,JED,Direct,RUH,17:20,19:00,0,100,Airbus A320,85000.0,345.0,typical,6/26/2026,Friday
DEPARTURE,F3 148,flyadeal,JED,Direct,RUH,18:05,19:45,0,100,Airbus A320,85000.0,345.0,typical,6/26/2026,Friday
DEPARTURE,F3 132,flyadeal,JED,Direct,RUH,19:05,20:45,0,100,Airbus A320,85000.0,345.0,typical,6/26/2026,Friday
DEPARTURE,F3 134,flyadeal,JED,Direct,RUH,19:25,21:00,0,95,Airbus A320,85000.0,345.0,typical,6/26/2026,Friday
DEPARTURE,F3 154,flyadeal,JED,Direct,RUH,20:25,22:05,0,100,Airbus A320,85000.0,345.0,typical,6/26/2026,Friday
DEPARTURE,F3 140,flyadeal,JED,Direct,RUH,21:15,22:55,0,100,Airbus A320,85000.0,345.0,typical,6/26/2026,Friday
DEPARTURE,XY 32,Flynas,JED,Direct,RUH,13:10,14:55,0,105,Airbus A320neo,77000.0,349.0,typical,6/26/2026,Friday
DEPARTURE,XY 38,Flynas,JED,Direct,RUH,20:25,22:10,0,105,Airbus A320neo,77000.0,349.0,typical,6/26/2026,Friday
DEPARTURE,F3 156,flyadeal,JED,Direct,RUH,2:15,4:00,0,105,Airbus A320,85000.0,365.0,typical,6/26/2026,Friday
DEPARTURE,F3 122,flyadeal,JED,Direct,RUH,16:10,17:55,0,105,Airbus A320,85000.0,365.0,typical,6/26/2026,Friday
DEPARTURE,F3 130,flyadeal,JED,Direct,RUH,17:40,19:15,0,95,Airbus A320,85000.0,365.0,typical,6/26/2026,Friday
DEPARTURE,F3 144,flyadeal,JED,Direct,RUH,22:15,23:55,0,100,Airbus A320,85000.0,365.0,typical,6/26/2026,Friday
DEPARTURE,XY 58,Flynas,JED,Direct,RUH,1:40,3:25,0,105,Airbus A320neo,77000.0,369.0,typical,6/26/2026,Friday
DEPARTURE,XY 22,Flynas,JED,Direct,RUH,12:35,14:20,0,105,Airbus A320neo,77000.0,369.0,typical,6/26/2026,Friday
ARRIVAL,EY 6,Etihad,IAD,AUH,JED,15:10,16:10,120,1080,Boeing 787,749000.0,2253.0,high,7/12/2026,Sunday
ARRIVAL,QR 708,Qatar Airways,IAD,DOH,JED,21:00,21:05,115,1025,Boeing 777,884000.0,2273.0,high,7/12/2026,Sunday
ARRIVAL,RJ 282,Royal Jordanian,IAD,AMM,JED,21:05,19:40,150,935,Boeing 787,659000.0,3490.0,high,7/12/2026,Sunday
ARRIVAL,TK 188,Turkish Airlines,IAD,IST,JED,13:20,15:55,355,1175,Boeing 787,688000.0,3556.0,high,7/12/2026,Sunday
ARRIVAL,EY 6,Etihad,IAD,AUH,JED,15:10,19:35,320,1285,Boeing 787,714000.0,3004.0,high,7/12/2026,Sunday
ARRIVAL,TK 8,Turkish Airlines,IAD,IST,JED,21:45,0:30,345,1185,Boeing 777,823000.0,3556.0,high,7/12/2026,Sunday
ARRIVAL,EY 6,Etihad,IAD,AUH,JED,15:10,18:15,250,1205,Boeing 787,759000.0,3754.0,high,7/12/2026,Sunday
ARRIVAL,ET 501,Ethiopian,IAD,ADD,JED,10:55,13:30,230,1175,Airbus A350,725000.0,4870.0,high,7/12/2026,Sunday
ARRIVAL,VS 22,Virgin Atlantic,IAD,LHR,JED,22:55,22:50,200,1015,Boeing 787,639000.0,5758.0,high,7/12/2026,Sunday
ARRIVAL,UA 126,United,IAD,FCO,JED,22:20,22:00,45,1000,Boeing 767,837000.0,21358.0,high,7/12/2026,Sunday
DEPARTURE,QP 835,Akasa Air,JED,Direct,BOM,23:55,7:50,0,325,Boeing 737MAX 8 Passenger,229000.0,816.0,typical,4/27/2026,Monday
DEPARTURE,6E 62,IndiGo,JED,Direct,BOM,21:25,5:05,0,310,Airbus A320neo,235000.0,895.0,typical,4/27/2026,Monday
DEPARTURE,AI 2246,Air India,JED,Direct,BOM,22:40,6:30,0,320,Airbus A320neo,266000.0,936.0,typical,4/27/2026,Monday
DEPARTURE,QR 1183,Qatar Airways,JED,DOH,BOM,4:05,2:40,825,1205,Airbus A350,274000.0,821.0,typical,4/27/2026,Monday
DEPARTURE,QR 1191,Qatar Airways,JED,DOH,BOM,14:30,2:40,200,580,Boeing 787,284000.0,900.0,typical,4/27/2026,Monday
DEPARTURE,EK 806,Emirates,JED,DXB,BOM,10:45,20:45,75,450,Boeing 777,317000.0,952.0,typical,4/27/2026,Monday
DEPARTURE,QP 721,Akasa Air,JED,Direct,BOM,7:45,15:45,0,330,Boeing 737MAX 8 Passenger,229000.0,1021.0,typical,4/27/2026,Monday
DEPARTURE,XY 10,Flynas,JED,RUH,BOM,14:55,3:05,220,580,Airbus A320neo,282000.0,1328.0,typical,4/27/2026,Monday
DEPARTURE,SV 772,Saudia,JED,Direct,BOM,17:20,0:50,0,300,Boeing 777,266000.0,2152.0,typical,4/27/2026,Monday
ARRIVAL,A3 601,Aegean,LHR,ATH,JED,12:15,2:35,305,740,Airbus A321neo,345000.0,1562.0,typical,8/12/2026,Wednesday
ARRIVAL,EY 68,Etihad,LHR,AUH,JED,21:45,10:30,55,645,Airbus A380,573000.0,2118.0,typical,8/12/2026,Wednesday
ARRIVAL,GF 6,Gulf Air,LHR,BAH,JED,22:05,12:30,200,745,Boeing 787,421000.0,2213.0,typical,8/12/2026,Wednesday
ARRIVAL,TK 1972,Turkish Airlines,LHR,IST,JED,18:30,5:05,60,515,Airbus A350,356000.0,2804.0,typical,8/12/2026,Wednesday
ARRIVAL,GF 2,Gulf Air,LHR,BAH,JED,10:00,12:30,925,1470,Boeing 787,421000.0,2157.0,typical,8/12/2026,Wednesday
ARRIVAL,EY 62,Etihad,LHR,AUH,JED,9:30,23:25,110,715,Airbus A380,573000.0,2285.0,typical,8/12/2026,Wednesday
ARRIVAL,TK 1988,Turkish Airlines,LHR,IST,JED,6:30,18:20,125,590,Boeing 787,390000.0,2804.0,typical,8/12/2026,Wednesday
ARRIVAL,SV 120,Saudia,LHR,Direct,JED,14:40,22:50,0,370,Boeing 787,264000.0,4284.0,typical,8/12/2026,Wednesday
ARRIVAL,RJ 112,Royal Jordanian,LHR,AMM,JED,17:05,3:05,45,480,Boeing 787,319000.0,4386.0,typical,8/12/2026,Wednesday
DEPARTURE,SV 21,Saudia,JED,JFK,ORD,8:50,21:36,290,1246,Boeing 777,954000.0,2471.0,typical,5/8/2026,Friday
DEPARTURE,RJ 705,Royal Jordanian,JED,AMM,ORD,4:50,16:10,270,1160,Airbus A320neo,659000.0,2626.0,typical,5/8/2026,Friday
DEPARTURE,TK 95,Turkish Airlines,JED,IST,ORD,1:30,9:40,70,970,Airbus A321neo,610000.0,2749.0,typical,5/8/2026,Friday
DEPARTURE,QR 1183,Qatar Airways,JED,DOH,ORD,3:10,16:50,240,1300,Airbus A350,744000.0,2450.0,typical,5/8/2026,Friday
DEPARTURE,QR 1189,Qatar Airways,JED,DOH,ORD,22:35,16:50,515,1575,Boeing 777,754000.0,2450.0,typical,5/8/2026,Friday
DEPARTURE,EY 612,Etihad,JED,AUH,ORD,19:00,8:35,250,1295,Airbus A320,767000.0,2769.0,typical,5/8/2026,Friday
DEPARTURE,TK 127,Turkish Airlines,JED,IST,ORD,19:20,9:40,435,1340,Boeing 737MAX 9 Passenger,607000.0,2979.0,typical,5/8/2026,Friday
DEPARTURE,EK 802,Emirates,JED,DXB,ORD,4:05,15:45,120,1180,Airbus A380,972000.0,3351.0,typical,5/8/2026,Friday
DEPARTURE,TK 115,Turkish Airlines,JED,IST,ORD,8:50,18:15,115,1045,Airbus A321neo,717000.0,4244.0,typical,5/8/2026,Friday
DEPARTURE,A3 951,Aegean,JED,ATH,ORD,3:30,14:00,85,1110,Airbus A320neo,669000.0,12371.0,typical,5/8/2026,Friday
DEPARTURE,QR 1185,Qatar Airways,JED,Direct,DOH,8:55,11:30,0,155,Boeing 777,116000.0,756.0,high,5/14/2026,Thursday
DEPARTURE,QR 1183,Qatar Airways,JED,Direct,DOH,3:10,5:40,0,150,Airbus A350,106000.0,756.0,high,5/14/2026,Thursday
DEPARTURE,QR 1191,Qatar Airways,JED,Direct,DOH,11:30,14:00,0,150,Boeing 777,116000.0,756.0,high,5/14/2026,Thursday
DEPARTURE,QR 1189,Qatar Airways,JED,Direct,DOH,22:35,1:05,0,150,Boeing 777,116000.0,756.0,high,5/14/2026,Thursday
DEPARTURE,WY 676,Oman Air,JED,MCT,DOH,18:00,0:25,60,385,Boeing 737,249000.0,1289.0,high,5/14/2026,Thursday
DEPARTURE,RJ 707,Royal Jordanian,JED,AMM,DOH,20:55,3:55,130,420,Boeing 787,249000.0,1885.0,high,5/14/2026,Thursday
ARRIVAL,XY 75,Flynas,DMM,RUH,JED,19:40,23:55,80,255,Airbus A320neo,123000.0,788.0,typical,5/20/2026,Wednesday
ARRIVAL,XY 73,Flynas,DMM,RUH,JED,15:50,20:05,80,255,Airbus A320neo,123000.0,830.0,typical,5/20/2026,Wednesday
ARRIVAL,SV 1145,Saudia,DMM,RUH,JED,17:05,21:45,105,280,Airbus A320,161000.0,967.0,typical,5/20/2026,Wednesday
ARRIVAL,XY 403,Flynas,DMM,Direct,JED,9:35,11:45,0,130,Airbus A320neo,98000.0,1000.0,typical,5/20/2026,Wednesday
ARRIVAL,XY 419,Flynas,DMM,Direct,JED,12:45,14:55,0,130,Airbus A320neo,98000.0,1000.0,typical,5/20/2026,Wednesday
ARRIVAL,SV 1139,Saudia,DMM,RUH,JED,9:05,17:55,190,530,Airbus A320,231000.0,774.0,typical,5/20/2026,Wednesday
ARRIVAL,SV 1143,Saudia,DMM,RUH,JED,13:05,21:20,100,495,Airbus A320,224000.0,780.0,typical,5/20/2026,Wednesday
ARRIVAL,XY 71,Flynas,DMM,RUH,JED,12:45,16:55,75,250,Airbus A320neo,123000.0,872.0,typical,5/20/2026,Wednesday
ARRIVAL,XY 407,Flynas,DMM,Direct,JED,0:40,2:50,0,130,Airbus A320neo,98000.0,1000.0,typical,5/20/2026,Wednesday
ARRIVAL,XY 413,Flynas,DMM,Direct,JED,1:55,4:05,0,130,Airbus A320neo,98000.0,1000.0,typical,5/20/2026,Wednesday
ARRIVAL,SV 1173,Saudia,DMM,RUH,JED,15:05,19:15,75,250,Airbus A321,143000.0,1053.0,typical,5/20/2026,Wednesday
ARRIVAL,XY 405,Flynas,DMM,Direct,JED,15:30,17:40,0,130,Airbus A320neo,98000.0,1149.0,typical,5/20/2026,Wednesday
ARRIVAL,XY 415,Flynas,DMM,Direct,JED,19:50,22:00,0,130,Airbus A320neo,98000.0,1149.0,typical,5/20/2026,Wednesday
ARRIVAL,XY 411,Flynas,DMM,Direct,JED,21:15,23:25,0,130,Airbus A320neo,98000.0,1149.0,typical,5/20/2026,Wednesday
ARRIVAL,XY 422,Flynas,DMM,Direct,JED,22:15,0:25,0,130,Airbus A320neo,98000.0,1149.0,typical,5/20/2026,Wednesday
ARRIVAL,F3 324,flyadeal,DMM,Direct,JED,2:10,4:20,0,130,Airbus A320,107000.0,1255.0,typical,5/20/2026,Wednesday
ARRIVAL,F3 322,flyadeal,DMM,Direct,JED,2:55,5:05,0,130,Airbus A320,107000.0,1255.0,typical,5/20/2026,Wednesday
ARRIVAL,F3 304,flyadeal,DMM,Direct,JED,10:45,12:55,0,130,Airbus A320,107000.0,1255.0,typical,5/20/2026,Wednesday
ARRIVAL,F3 308,flyadeal,DMM,Direct,JED,13:50,15:55,0,125,Airbus A320,107000.0,1255.0,typical,5/20/2026,Wednesday
ARRIVAL,F3 310,flyadeal,DMM,Direct,JED,15:45,17:55,0,130,Airbus A320,107000.0,1255.0,typical,5/20/2026,Wednesday
ARRIVAL,F3 318,flyadeal,DMM,Direct,JED,21:20,23:30,0,130,Airbus A320,107000.0,1255.0,typical,5/20/2026,Wednesday
ARRIVAL,SV 1131,Saudia,DMM,Direct,JED,1:10,3:20,0,130,Airbus A321,126000.0,1736.0,high,5/20/2026,Wednesday
ARRIVAL,SV 1127,Saudia,DMM,Direct,JED,4:15,6:25,0,130,Airbus A320,132000.0,1736.0,high,5/20/2026,Wednesday
ARRIVAL,SV 1105,Saudia,DMM,Direct,JED,6:15,8:25,0,130,Airbus A320,132000.0,1736.0,high,5/20/2026,Wednesday
ARRIVAL,SV 1107,Saudia,DMM,Direct,JED,10:15,12:25,0,130,Airbus A321,126000.0,1736.0,high,5/20/2026,Wednesday
ARRIVAL,SV 1109,Saudia,DMM,Direct,JED,12:15,14:25,0,130,Airbus A320,132000.0,1736.0,high,5/20/2026,Wednesday
ARRIVAL,SV 1113,Saudia,DMM,Direct,JED,14:15,16:25,0,130,Airbus A321,126000.0,1736.0,high,5/20/2026,Wednesday
ARRIVAL,SV 1115,Saudia,DMM,Direct,JED,16:15,18:25,0,130,Airbus A320,132000.0,1736.0,high,5/20/2026,Wednesday
ARRIVAL,SV 1117,Saudia,DMM,Direct,JED,18:15,20:25,0,130,Airbus A320,132000.0,1736.0,high,5/20/2026,Wednesday
ARRIVAL,SV 1125,Saudia,DMM,Direct,JED,20:15,22:25,0,130,Airbus A321,126000.0,1736.0,high,5/20/2026,Wednesday
ARRIVAL,SV 1129,Saudia,DMM,Direct,JED,22:15,0:25,0,130,Airbus A320,132000.0,1736.0,high,5/20/2026,Wednesday
DEPARTURE,SV 1036,Saudia,JED,RUH,YNB,15:00,19:50,80,290,Airbus A330,187000.0,965.0,high,7/5/2026,Sunday
DEPARTURE,SV 1054,Saudia,JED,RUH,YNB,23:55,5:40,135,345,Airbus A330,203000.0,965.0,high,7/5/2026,Sunday
DEPARTURE,SV 526,Saudia,JED,Direct,BAH,17:05,19:15,0,130,Airbus A320,142000.0,524.0,typical,6/14/2026,Sunday
DEPARTURE,XY 36,Flynas,JED,RUH,BAH,14:10,19:15,125,305,Airbus A320neo,131000.0,539.0,typical,6/14/2026,Sunday
DEPARTURE,EY 612,Etihad,JED,AUH,BAH,19:00,2:10,195,430,Airbus A321neo,194000.0,684.0,typical,6/14/2026,Sunday
DEPARTURE,EK 804,Emirates,JED,DXB,BAH,20:10,2:15,110,365,Airbus A380,219000.0,932.0,typical,6/14/2026,Sunday
DEPARTURE,EK 804,Emirates,JED,DXB,BAH,20:10,7:30,425,680,Airbus A380,213000.0,932.0,typical,6/14/2026,Sunday
DEPARTURE,EK 806,Emirates,JED,DXB,BAH,10:45,16:20,80,335,Airbus A380,215000.0,1007.0,typical,6/14/2026,Sunday
DEPARTURE,SV 1028,Saudia,JED,RUH,BAH,11:00,16:40,160,340,Airbus A330,169000.0,1097.0,typical,6/14/2026,Sunday
DEPARTURE,EY 602,Etihad,JED,AUH,BAH,3:10,9:40,150,390,Airbus A321neo,206000.0,1195.0,typical,6/14/2026,Sunday
DEPARTURE,GF 176,Gulf Air,JED,Direct,BAH,5:20,7:30,0,130,Airbus A320,148000.0,1531.0,typical,6/14/2026,Sunday
DEPARTURE,GF 182,Gulf Air,JED,Direct,BAH,6:00,8:10,0,130,Airbus A321neo,109000.0,1531.0,typical,6/14/2026,Sunday
DEPARTURE,GF 172,Gulf Air,JED,Direct,BAH,13:30,15:50,0,140,Airbus A321neo,109000.0,1531.0,typical,6/14/2026,Sunday
DEPARTURE,GF 184,Gulf Air,JED,Direct,BAH,16:40,18:50,0,130,Airbus A321,155000.0,1531.0,typical,6/14/2026,Sunday
DEPARTURE,GF 174,Gulf Air,JED,Direct,BAH,21:30,23:50,0,140,Airbus A321,155000.0,1531.0,typical,6/14/2026,Sunday
DEPARTURE,EY 612,Etihad,JED,AUH,BAH,19:00,0:05,65,305,Airbus A321neo,194000.0,2959.0,typical,6/14/2026,Sunday
ARRIVAL,GF 166,Gulf Air,SIN,BAH,JED,20:00,3:55,145,775,Boeing 787,532000.0,1339.0,typical,8/5/2026,Wednesday
ARRIVAL,AI 2106,Air India,SIN,BOM,JED,8:45,21:40,410,1075,Airbus A321,630000.0,1382.0,typical,8/5/2026,Wednesday
ARRIVAL,EY 499,Etihad,SIN,AUH,JED,21:00,3:55,105,715,Airbus A380,594000.0,1511.0,typical,8/5/2026,Wednesday
ARRIVAL,QR 947,Qatar Airways,SIN,DOH,JED,19:40,1:40,70,660,Airbus A350,486000.0,1661.0,typical,8/5/2026,Wednesday
ARRIVAL,EK 349,Emirates,SIN,DXB,JED,1:40,8:45,125,725,Boeing 777,549000.0,1686.0,typical,8/5/2026,Wednesday
ARRIVAL,AI 2108,Air India,SIN,BOM,JED,19:40,20:40,1135,1800,Airbus A321,630000.0,1382.0,typical,8/5/2026,Wednesday
ARRIVAL,EK 315,Emirates,SIN,DXB,JED,10:35,17:45,120,730,Airbus A380,565000.0,1686.0,typical,8/5/2026,Wednesday
ARRIVAL,EK 355,Emirates,SIN,DXB,JED,21:00,8:45,405,1005,Airbus A380,546000.0,1686.0,typical,8/5/2026,Wednesday
ARRIVAL,MH 628,Malaysia Airlines,SIN,KUL,JED,12:15,19:00,85,705,Boeing 737,538000.0,3433.0,typical,8/5/2026,Wednesday
DEPARTURE,EY 616,Etihad,JED,AUH,ICN,15:20,10:50,125,810,Airbus A321,552000.0,1601.0,typical,5/12/2026,Tuesday
DEPARTURE,QR 1191,Qatar Airways,JED,DOH,ICN,11:30,17:30,715,1440,Boeing 777,634000.0,1638.0,typical,5/12/2026,Tuesday
DEPARTURE,AI 2256,Air India,JED,DEL,ICN,21:50,10:40,1075,1850,Airbus A320neo,698000.0,1940.0,typical,5/12/2026,Tuesday
DEPARTURE,GA 981,Garuda Indonesia,JED,CGK,ICN,19:40,8:30,795,1850,Airbus A330,868000.0,2189.0,typical,5/12/2026,Tuesday
DEPARTURE,EY 612,Etihad,JED,AUH,ICN,19:00,10:50,1345,2030,Airbus A321neo,516000.0,1876.0,typical,5/12/2026,Tuesday
DEPARTURE,SV 570,Saudia,JED,AUH,ICN,11:40,10:50,345,1030,Airbus A320,563000.0,2351.0,typical,5/12/2026,Tuesday
DEPARTURE,WY 676,Oman Air,JED,MCT,ICN,18:00,7:10,630,1870,Boeing 737,946000.0,2537.0,typical,5/12/2026,Tuesday
DEPARTURE,EK 804,Emirates,JED,DXB,ICN,20:10,17:00,210,890,Airbus A380,612000.0,2613.0,typical,5/12/2026,Tuesday
DEPARTURE,SV 818,Saudia,JED,CGK,ICN,1:55,7:05,350,1390,Boeing 777,1011000.0,2769.0,typical,5/12/2026,Tuesday
DEPARTURE,TK 127,Turkish Airlines,JED,IST,ICN,19:25,17:40,135,975,Airbus A330,769000.0,5004.0,typical,5/12/2026,Tuesday
DEPARTURE,FZ 808,flydubai,JED,DXB,ICN,22:55,18:40,155,825,Boeing 737MAX 8 Passenger,851000.0,6805.0,typical,5/12/2026,Tuesday
ARRIVAL,KE 619,Korean Air,ICN,MNL,JED,22:35,17:10,350,1475,Boeing 737,817000.0,1746.0,high,6/22/2026,Monday
ARRIVAL,SQ 607,Singapore Airlines,ICN,SIN,JED,9:00,20:30,115,1050,Boeing 787,669000.0,2656.0,high,6/22/2026,Monday
ARRIVAL,EY 827,Etihad,ICN,AUH,JED,1:35,10:30,135,895,Boeing 787,554000.0,2705.0,high,6/22/2026,Monday
ARRIVAL,EY 823,Etihad,ICN,AUH,JED,17:45,3:55,185,970,Airbus A350,547000.0,2705.0,high,6/22/2026,Monday
ARRIVAL,PR 401,Philippine Airlines,ICN,MNL,JED,7:20,23:45,95,1345,Airbus A321,828000.0,2732.0,high,6/22/2026,Monday
ARRIVAL,QR 859,Qatar Airways,ICN,DOH,JED,1:20,10:10,140,890,Airbus A350,544000.0,2877.0,high,6/22/2026,Monday
ARRIVAL,EK 325,Emirates,ICN,DXB,JED,22:45,8:45,220,960,Boeing 777,619000.0,2917.0,high,6/22/2026,Monday
ARRIVAL,EK 323,Emirates,ICN,DXB,JED,23:55,8:45,150,890,Airbus A380,597000.0,2968.0,high,6/22/2026,Monday
ARRIVAL,ET 673,Ethiopian,ICN,ADD,JED,0:20,13:30,245,1150,Airbus A350,656000.0,3363.0,high,6/22/2026,Monday
ARRIVAL,TG 659,THAI,ICN,BKK,JED,9:35,19:30,115,955,Airbus A350,644000.0,3901.0,high,6/22/2026,Monday
DEPARTURE,PC 695,Pegasus,JED,SAW,FRA,2:30,16:30,480,900,Airbus A321,339000.0,643.0,typical,5/6/2026,Wednesday
DEPARTURE,PC 695,Pegasus,JED,SAW,FRA,2:30,13:40,310,730,Airbus A321,339000.0,690.0,typical,5/6/2026,Wednesday
DEPARTURE,EY 612,Etihad,JED,AUH,FRA,19:00,6:55,205,775,Airbus A320,455000.0,945.0,typical,5/6/2026,Wednesday
DEPARTURE,A3 951,Aegean,JED,ATH,FRA,3:30,18:00,525,930,Airbus A320neo,308000.0,976.0,typical,5/6/2026,Wednesday
DEPARTURE,EY 604,Etihad,JED,AUH,FRA,5:30,18:45,280,855,Airbus A321,458000.0,945.0,typical,5/6/2026,Wednesday
DEPARTURE,QR 1183,Qatar Airways,JED,DOH,FRA,3:10,14:35,140,745,Airbus A350,440000.0,1235.0,typical,5/6/2026,Wednesday
DEPARTURE,QR 1189,Qatar Airways,JED,DOH,FRA,22:35,8:50,75,675,Boeing 777,450000.0,1235.0,typical,5/6/2026,Wednesday
DEPARTURE,EK 804,Emirates,JED,DXB,FRA,20:10,8:50,215,820,Airbus A380,539000.0,1326.0,typical,5/6/2026,Wednesday
DEPARTURE,GF 174,Gulf Air,JED,BAH,FRA,21:30,6:55,100,625,Airbus A320neo,477000.0,1416.0,typical,5/6/2026,Wednesday
DEPARTURE,MS 666,EgyptAir,JED,CAI,FRA,6:15,14:10,140,535,Boeing 737,409000.0,1872.0,typical,5/6/2026,Wednesday
DEPARTURE,TK 97,Turkish Airlines,JED,IST,FRA,6:05,13:40,95,515,Airbus A321neo,355000.0,1982.0,typical,5/6/2026,Wednesday
DEPARTURE,SV 127,Saudia,JED,CDG,FRA,8:50,17:45,150,595,Boeing 787,377000.0,4493.0,typical,5/6/2026,Wednesday
DEPARTURE,XY 406,Flynas,JED,Direct,DMM,12:40,14:45,0,125,Airbus A320neo,99000.0,380.0,high,9/8/2026,Tuesday
DEPARTURE,F3 303,flyadeal,JED,Direct,DMM,7:55,10:00,0,125,Airbus A320,108000.0,385.0,high,9/8/2026,Tuesday
DEPARTURE,SV 1110,Saudia,JED,Direct,DMM,9:00,11:05,0,125,Airbus A320,134000.0,469.0,high,9/8/2026,Tuesday
DEPARTURE,XY 420,Flynas,JED,Direct,DMM,15:40,17:45,0,125,Airbus A320neo,99000.0,380.0,high,9/8/2026,Tuesday
DEPARTURE,XY 412,Flynas,JED,Direct,DMM,18:25,20:30,0,125,Airbus A320neo,99000.0,380.0,high,9/8/2026,Tuesday
DEPARTURE,XY 421,Flynas,JED,Direct,DMM,19:25,21:30,0,125,Airbus A320neo,99000.0,380.0,high,9/8/2026,Tuesday
DEPARTURE,XY 408,Flynas,JED,Direct,DMM,21:50,23:55,0,125,Airbus A320neo,99000.0,380.0,high,9/8/2026,Tuesday
DEPARTURE,XY 414,Flynas,JED,Direct,DMM,23:05,1:10,0,125,Airbus A320neo,99000.0,380.0,high,9/8/2026,Tuesday
DEPARTURE,F3 321,flyadeal,JED,Direct,DMM,0:10,2:15,0,125,Airbus A320,108000.0,385.0,high,9/8/2026,Tuesday
DEPARTURE,F3 307,flyadeal,JED,Direct,DMM,11:05,13:05,0,120,Airbus A320,108000.0,385.0,high,9/8/2026,Tuesday
DEPARTURE,F3 309,flyadeal,JED,Direct,DMM,12:40,14:40,0,120,Airbus A320,108000.0,385.0,high,9/8/2026,Tuesday
DEPARTURE,F3 317,flyadeal,JED,Direct,DMM,18:35,20:40,0,125,Airbus A320,108000.0,385.0,high,9/8/2026,Tuesday
DEPARTURE,F3 323,flyadeal,JED,Direct,DMM,23:05,1:10,0,125,Airbus A320,108000.0,385.0,high,9/8/2026,Tuesday
DEPARTURE,XY 402,Flynas,JED,Direct,DMM,6:45,8:50,0,125,Airbus A320neo,99000.0,399.0,high,9/8/2026,Tuesday
DEPARTURE,SV 1128,Saudia,JED,Direct,DMM,1:05,3:10,0,125,Airbus A320,134000.0,469.0,high,9/8/2026,Tuesday
DEPARTURE,SV 1130,Saudia,JED,Direct,DMM,3:05,5:10,0,125,Airbus A320,134000.0,469.0,high,9/8/2026,Tuesday
DEPARTURE,SV 1108,Saudia,JED,Direct,DMM,7:00,9:05,0,125,Airbus A320,134000.0,469.0,high,9/8/2026,Tuesday
DEPARTURE,SV 1114,Saudia,JED,Direct,DMM,11:00,13:05,0,125,Airbus A320,134000.0,469.0,high,9/8/2026,Tuesday
DEPARTURE,SV 1116,Saudia,JED,Direct,DMM,13:00,15:05,0,125,Airbus A320,134000.0,469.0,high,9/8/2026,Tuesday
DEPARTURE,SV 1118,Saudia,JED,Direct,DMM,15:00,17:05,0,125,Airbus A320,134000.0,469.0,high,9/8/2026,Tuesday
DEPARTURE,SV 1122,Saudia,JED,Direct,DMM,17:00,19:05,0,125,Airbus A320,134000.0,469.0,high,9/8/2026,Tuesday
DEPARTURE,SV 1124,Saudia,JED,Direct,DMM,19:00,21:05,0,125,Airbus A320,134000.0,469.0,high,9/8/2026,Tuesday
DEPARTURE,SV 1126,Saudia,JED,Direct,DMM,21:00,23:05,0,125,Airbus A320,134000.0,469.0,high,9/8/2026,Tuesday
DEPARTURE,XY 22,Flynas,JED,RUH,IST,12:35,19:55,105,440,Airbus A320neo,280000.0,789.0,high,6/2/2026,Tuesday
DEPARTURE,F3 807,flyadeal,JED,Direct,IST,18:00,21:50,0,230,Airbus A320,195000.0,1136.0,high,6/2/2026,Tuesday
DEPARTURE,SV 265,Saudia,JED,Direct,IST,7:05,10:55,0,230,Airbus A321,228000.0,1146.0,high,6/2/2026,Tuesday
DEPARTURE,FZ 832,flydubai,JED,DXB,IST,7:50,17:25,100,575,Boeing 737MAX 8 Passenger,391000.0,2074.0,high,6/2/2026,Tuesday
DEPARTURE,FZ 808,flydubai,JED,DXB,IST,22:55,17:25,635,1110,Boeing 737MAX 8 Passenger,391000.0,2074.0,high,6/2/2026,Tuesday
DEPARTURE,SV 263,Saudia,JED,Direct,IST,11:05,14:50,0,225,Airbus A330,196000.0,2115.0,high,6/2/2026,Tuesday
DEPARTURE,TK 121,Turkish Airlines,JED,Direct,IST,14:30,18:40,0,250,Airbus A330,156000.0,3104.0,high,6/2/2026,Tuesday
DEPARTURE,SV 275,Saudia,JED,Direct,IST,13:20,17:10,0,230,Airbus A321,343000.0,4034.0,high,6/2/2026,Tuesday
DEPARTURE,TK 115,Turkish Airlines,JED,Direct,IST,8:50,12:50,0,240,Airbus A330,156000.0,4266.0,high,6/2/2026,Tuesday
DEPARTURE,TK 127,Turkish Airlines,JED,Direct,IST,19:25,23:35,0,250,Airbus A330,178000.0,4266.0,high,6/2/2026,Tuesday
DEPARTURE,SV 257,Saudia,JED,Direct,IST,10:00,13:45,0,225,Airbus A330,196000.0,4547.0,high,6/2/2026,Tuesday
DEPARTURE,TK 93,Turkish Airlines,JED,Direct,IST,17:45,21:40,0,235,Airbus A330,710000.0,7179.0,high,6/2/2026,Tuesday
DEPARTURE,TK 97,Turkish Airlines,JED,Direct,IST,6:25,10:15,0,230,Airbus A330,623000.0,10284.0,high,6/2/2026,Tuesday
DEPARTURE,PC 695,Pegasus,JED,SAW,FCO,2:30,10:50,170,560,Airbus A321,310000.0,1147.0,high,5/3/2026,Sunday
DEPARTURE,SV 201,Saudia,JED,Direct,FCO,10:35,14:40,0,305,Airbus A320,396000.0,1970.0,high,5/3/2026,Sunday
DEPARTURE,EY 604,Etihad,JED,AUH,FCO,5:30,18:20,290,830,Airbus A321,454000.0,1668.0,high,5/3/2026,Sunday
DEPARTURE,VF 190,AJet,JED,SAW,FCO,3:05,11:30,160,565,Boeing 737MAX 8 Passenger,263000.0,1983.0,high,5/3/2026,Sunday
DEPARTURE,TK 95,Turkish Airlines,JED,IST,FCO,1:30,9:20,140,530,Airbus A321neo,322000.0,2580.0,high,5/3/2026,Sunday
DEPARTURE,TK 97,Turkish Airlines,JED,IST,FCO,6:05,14:00,145,535,Airbus A321neo,330000.0,2580.0,high,5/3/2026,Sunday
DEPARTURE,TK 93,Turkish Airlines,JED,IST,FCO,16:55,23:35,60,460,Airbus A321neo,348000.0,2580.0,high,5/3/2026,Sunday
ARRIVAL,XY 448,Flynas,TUU,Direct,JED,10:15,11:55,0,100,Airbus A320neo,72000.0,299.0,typical,5/7/2026,Thursday
ARRIVAL,XY 450,Flynas,TUU,Direct,JED,20:40,22:20,0,100,Airbus A320neo,72000.0,299.0,typical,5/7/2026,Thursday
ARRIVAL,F3 386,flyadeal,TUU,Direct,JED,12:35,14:05,0,90,Airbus A320,78000.0,305.0,typical,5/7/2026,Thursday
ARRIVAL,F3 392,flyadeal,TUU,Direct,JED,22:15,23:50,0,95,Airbus A320,78000.0,305.0,typical,5/7/2026,Thursday
ARRIVAL,F3 394,flyadeal,TUU,Direct,JED,23:00,0:35,0,95,Airbus A320,78000.0,305.0,typical,5/7/2026,Thursday
ARRIVAL,SV 1548,Saudia,TUU,Direct,JED,4:20,6:00,0,100,Airbus A321,104000.0,482.0,typical,5/7/2026,Thursday
ARRIVAL,SV 1542,Saudia,TUU,Direct,JED,11:20,13:00,0,100,Airbus A321,104000.0,482.0,typical,5/7/2026,Thursday
ARRIVAL,SV 1544,Saudia,TUU,Direct,JED,18:35,20:15,0,100,Airbus A320,97000.0,619.0,typical,5/7/2026,Thursday
ARRIVAL,SV 1546,Saudia,TUU,Direct,JED,21:50,23:30,0,100,Airbus A321,92000.0,804.0,typical,5/7/2026,Thursday
ARRIVAL,XY 552,Flynas,AMM,Direct,JED,15:10,17:15,0,125,Airbus A320neo,95000.0,719.0,high,8/7/2026,Friday
ARRIVAL,SV 632,Saudia,AMM,Direct,JED,13:30,15:40,0,130,Airbus A320,128000.0,792.0,high,8/7/2026,Friday
ARRIVAL,RJ 704,Royal Jordanian,AMM,Direct,JED,0:55,3:05,0,130,Airbus A320neo,106000.0,973.0,high,8/7/2026,Friday
ARRIVAL,SV 628,Saudia,AMM,Direct,JED,4:15,6:25,0,130,Airbus A320,128000.0,932.0,high,8/7/2026,Friday
ARRIVAL,RJ 706,Royal Jordanian,AMM,Direct,JED,17:30,19:40,0,130,Embraer 190 E2,130000.0,973.0,high,8/7/2026,Friday
ARRIVAL,XY 254,Flynas,AMM,RUH,JED,22:10,7:20,305,550,Airbus A320neo,181000.0,1181.0,high,8/7/2026,Friday
ARRIVAL,GF 963,Gulf Air,AMM,BAH,JED,17:45,12:30,830,1125,Airbus A320neo,285000.0,1241.0,high,8/7/2026,Friday
ARRIVAL,GF 963,Gulf Air,AMM,BAH,JED,17:45,22:25,1435,1720,Airbus A320neo,273000.0,2109.0,high,8/7/2026,Friday
DEPARTURE,XY 551,Flynas,JED,Direct,AMM,12:25,14:20,0,115,Airbus A320neo,94000.0,409.0,typical,5/7/2026,Thursday
DEPARTURE,RJ 705,Royal Jordanian,JED,Direct,AMM,4:50,7:00,0,130,Boeing 787,90000.0,550.0,typical,5/7/2026,Thursday
DEPARTURE,RJ 707,Royal Jordanian,JED,Direct,AMM,20:55,23:05,0,130,Boeing 787,90000.0,550.0,typical,5/7/2026,Thursday
DEPARTURE,XY 32,Flynas,JED,RUH,AMM,13:10,21:20,245,490,Airbus A320neo,180000.0,621.0,typical,5/7/2026,Thursday
DEPARTURE,QR 1189,Qatar Airways,JED,DOH,AMM,22:35,12:30,460,835,Boeing 777,242000.0,1091.0,typical,5/7/2026,Thursday
DEPARTURE,QR 1189,Qatar Airways,JED,DOH,AMM,22:35,9:25,320,650,Boeing 777,264000.0,1146.0,typical,5/7/2026,Thursday
DEPARTURE,MS 664,EgyptAir,JED,CAI,AMM,3:40,8:35,90,295,Airbus A330,196000.0,1488.0,typical,5/7/2026,Thursday
DEPARTURE,MS 670,EgyptAir,JED,CAI,AMM,23:00,8:35,370,575,Airbus A330,196000.0,1510.0,typical,5/7/2026,Thursday
DEPARTURE,F3 429,flyadeal,JED,Direct,HOF,9:50,11:55,0,125,Airbus A320,106000.0,915.0,typical,6/27/2026,Saturday
DEPARTURE,AI 2246,Air India,JED,BOM,SIN,22:40,18:30,215,890,Airbus A320neo,650000.0,1094.0,typical,9/7/2026,Monday
DEPARTURE,GF 184,Gulf Air,JED,BAH,SIN,16:40,12:45,270,905,Airbus A321neo,490000.0,1126.0,typical,9/7/2026,Monday
DEPARTURE,EY 616,Etihad,JED,AUH,SIN,15:20,9:40,155,800,Airbus A321,599000.0,1144.0,typical,9/7/2026,Monday
DEPARTURE,QR 1185,Qatar Airways,JED,DOH,SIN,4:50,21:15,55,685,Boeing 787,495000.0,1368.0,typical,9/7/2026,Monday
DEPARTURE,SV 856,Saudia,JED,Direct,SIN,1:00,15:30,0,570,Boeing 787,377000.0,1511.0,high,9/7/2026,Monday
DEPARTURE,GF 182,Gulf Air,JED,BAH,SIN,6:00,12:45,910,1545,Airbus A321,536000.0,1073.0,typical,9/7/2026,Monday
DEPARTURE,GF 174,Gulf Air,JED,BAH,SIN,21:30,12:45,1410,2055,Airbus A321,536000.0,1073.0,typical,9/7/2026,Monday
DEPARTURE,TR 797,Scoot,JED,Direct,SIN,21:45,12:30,0,585,Boeing 787,425000.0,3077.0,high,9/7/2026,Monday
DEPARTURE,EY 612,Etihad,JED,AUH,BCN,19:00,7:35,225,815,Airbus A320,475000.0,1191.0,typical,5/29/2026,Friday
DEPARTURE,A3 951,Aegean,JED,ATH,BCN,3:30,11:15,115,525,Airbus A320neo,308000.0,1192.0,typical,5/29/2026,Friday
DEPARTURE,QR 1183,Qatar Airways,JED,DOH,BCN,3:10,15:05,150,775,Airbus A350,401000.0,1321.0,typical,5/29/2026,Friday
DEPARTURE,EY 604,Etihad,JED,AUH,BCN,5:30,19:20,290,890,Airbus A321,478000.0,1248.0,typical,5/29/2026,Friday
DEPARTURE,QR 1187,Qatar Airways,JED,DOH,BCN,19:50,7:30,160,760,Boeing 777,411000.0,1321.0,typical,5/29/2026,Friday
DEPARTURE,PC 695,Pegasus,JED,SAW,BCN,2:30,12:50,235,680,Airbus A321,364000.0,1891.0,typical,5/29/2026,Friday
DEPARTURE,SV 127,Saudia,JED,CDG,BCN,8:50,22:45,420,895,Boeing 787,381000.0,2570.0,typical,5/29/2026,Friday
DEPARTURE,TK 95,Turkish Airlines,JED,IST,BCN,1:40,10:45,150,605,Airbus A330,329000.0,2694.0,typical,5/29/2026,Friday
DEPARTURE,TK 115,Turkish Airlines,JED,IST,BCN,8:50,17:40,130,590,Airbus A330,371000.0,2694.0,typical,5/29/2026,Friday
DEPARTURE,TK 121,Turkish Airlines,JED,IST,BCN,14:30,23:15,105,585,Airbus A321neo,418000.0,2694.0,typical,5/29/2026,Friday
DEPARTURE,SV 203,Saudia,JED,FCO,BCN,3:10,10:50,105,520,Airbus A320,411000.0,4734.0,typical,5/29/2026,Friday
DEPARTURE,MS 666,EgyptAir,JED,CAI,BCN,6:15,15:25,215,610,Airbus A330,332000.0,5177.0,typical,5/29/2026,Friday
ARRIVAL,AI 315,Air India,HKG,DEL,JED,8:20,20:50,340,1050,Boeing 787,596000.0,1223.0,typical,8/1/2026,Saturday
ARRIVAL,6E 1722,IndiGo,HKG,DEL,JED,15:40,1:30,170,890,Airbus A320neo,538000.0,1598.0,typical,8/1/2026,Saturday
ARRIVAL,HU 706,Hainan,HKG,HAK,JED,21:35,8:10,1710,2375,Boeing 737,542000.0,1626.0,typical,8/1/2026,Saturday
ARRIVAL,QR 815,Qatar Airways,HKG,DOH,JED,1:25,10:10,185,825,Boeing 777,577000.0,2144.0,typical,8/1/2026,Saturday
ARRIVAL,QR 817,Qatar Airways,HKG,DOH,JED,19:40,3:20,120,760,Boeing 777,593000.0,2144.0,typical,8/1/2026,Saturday
ARRIVAL,EY 871,Etihad,HKG,AUH,JED,20:10,3:55,100,765,Boeing 787,520000.0,2202.0,typical,8/1/2026,Saturday
ARRIVAL,TK 171,Turkish Airlines,HKG,IST,JED,8:55,0:30,315,1235,Boeing 787,627000.0,2552.0,typical,8/1/2026,Saturday
ARRIVAL,CX 731,Cathay Pacific,HKG,DXB,JED,17:45,0:55,90,730,Boeing 777,626000.0,2808.0,typical,8/1/2026,Saturday
ARRIVAL,EK 383,Emirates,HKG,DXB,JED,19:10,2:05,70,715,Boeing 777,604000.0,3293.0,typical,8/1/2026,Saturday
ARRIVAL,GF 57,Gulf Air,BOM,BAH,JED,6:05,12:30,155,535,Airbus A321,362000.0,800.0,high,7/4/2026,Saturday
ARRIVAL,QP 552,Akasa Air,BOM,Direct,JED,17:40,20:45,0,335,Boeing 737MAX 8 Passenger,226000.0,911.0,high,7/4/2026,Saturday
ARRIVAL,SV 773,Saudia,BOM,Direct,JED,2:30,4:50,0,290,Boeing 777,253000.0,939.0,high,7/4/2026,Saturday
ARRIVAL,SV 771,Saudia,BOM,Direct,JED,11:00,13:20,0,290,Boeing 777,253000.0,939.0,high,7/4/2026,Saturday
ARRIVAL,GF 57,Gulf Air,BOM,BAH,JED,6:05,3:55,1080,1460,Airbus A321,362000.0,775.0,high,7/4/2026,Saturday
ARRIVAL,GF 65,Gulf Air,BOM,BAH,JED,21:45,15:40,855,1225,Airbus A320neo,301000.0,775.0,high,7/4/2026,Saturday
ARRIVAL,GF 65,Gulf Air,BOM,BAH,JED,21:45,3:55,140,520,Airbus A320neo,301000.0,800.0,high,7/4/2026,Saturday
ARRIVAL,6E 61,IndiGo,BOM,Direct,JED,21:05,0:05,0,330,Airbus A320neo,232000.0,1058.0,high,7/4/2026,Saturday
ARRIVAL,QP 561,Akasa Air,BOM,Direct,JED,4:35,7:45,0,340,Boeing 737MAX 8 Passenger,213000.0,1066.0,high,7/4/2026,Saturday
ARRIVAL,6E 91,IndiGo,BOM,Direct,JED,0:15,3:10,0,325,Airbus A320neo,232000.0,1160.0,high,7/4/2026,Saturday
ARRIVAL,AI 2251,Air India,BOM,Direct,JED,17:45,20:40,0,325,Airbus A320neo,258000.0,1234.0,high,7/4/2026,Saturday
ARRIVAL,AI 2245,Air India,BOM,Direct,JED,18:45,21:40,0,325,Airbus A320neo,258000.0,1234.0,high,7/4/2026,Saturday
ARRIVAL,F3 392,flyadeal,TUU,Direct,JED,22:15,23:50,0,95,Airbus A320,78000.0,325.0,high,4/24/2026,Friday
ARRIVAL,XY 450,Flynas,TUU,Direct,JED,20:40,22:20,0,100,Airbus A320neo,72000.0,339.0,high,4/24/2026,Friday
ARRIVAL,XY 448,Flynas,TUU,Direct,JED,10:15,11:55,0,100,Airbus A320neo,72000.0,359.0,high,4/24/2026,Friday
ARRIVAL,F3 386,flyadeal,TUU,Direct,JED,12:35,14:05,0,90,Airbus A320,78000.0,385.0,high,4/24/2026,Friday
ARRIVAL,SV 1544,Saudia,TUU,Direct,JED,18:35,20:15,0,100,Airbus A320,97000.0,404.0,high,4/24/2026,Friday
ARRIVAL,SV 1546,Saudia,TUU,Direct,JED,21:50,23:30,0,100,Airbus A330,80000.0,439.0,high,4/24/2026,Friday
ARRIVAL,SV 1548,Saudia,TUU,Direct,JED,4:20,6:00,0,100,Airbus A320,97000.0,631.0,high,4/24/2026,Friday
ARRIVAL,SV 1542,Saudia,TUU,Direct,JED,11:20,13:00,0,100,Airbus A321,104000.0,631.0,high,4/24/2026,Friday
ARRIVAL,A3 617,Aegean,CDG,ATH,JED,14:05,2:35,285,690,Airbus A321neo,324000.0,1257.0,typical,4/28/2026,Tuesday
ARRIVAL,EY 32,Etihad,CDG,AUH,JED,10:05,0:10,95,785,Airbus A380,559000.0,1366.0,typical,4/28/2026,Tuesday
ARRIVAL,SV 130,Saudia,CDG,Direct,JED,8:25,15:10,0,345,Boeing 787,287000.0,1821.0,typical,4/28/2026,Tuesday
ARRIVAL,EY 34,Etihad,CDG,AUH,JED,21:40,17:05,430,1105,Boeing 787,497000.0,1366.0,typical,4/28/2026,Tuesday
ARRIVAL,QR 42,Qatar Airways,CDG,DOH,JED,10:00,0:10,200,790,Boeing 777,512000.0,1627.0,typical,4/28/2026,Tuesday
ARRIVAL,QR 38,Qatar Airways,CDG,DOH,JED,22:50,12:00,140,730,Boeing 777,522000.0,1627.0,typical,4/28/2026,Tuesday
ARRIVAL,SV 144,Saudia,CDG,RUH,JED,11:30,22:45,135,615,Boeing 777,461000.0,2020.0,typical,4/28/2026,Tuesday
ARRIVAL,TK 1828,Turkish Airlines,CDG,IST,JED,19:45,5:05,65,500,Boeing 777,397000.0,2368.0,typical,4/28/2026,Tuesday
ARRIVAL,SV 126,Saudia,CDG,Direct,JED,15:55,22:40,0,345,Boeing 787,248000.0,3164.0,typical,4/28/2026,Tuesday
ARRIVAL,F3 810,flyadeal,SAW,Direct,JED,4:55,8:20,0,205,Airbus A320,190000.0,694.0,high,6/20/2026,Saturday
ARRIVAL,VF 189,AJet,SAW,Direct,JED,22:10,2:05,0,235,Airbus A321neo,150000.0,781.0,high,6/20/2026,Saturday
ARRIVAL,VF 3004,AJet,SAW,ESB,JED,23:00,21:00,1030,1320,Boeing 737MAX 8 Passenger,203000.0,650.0,high,6/20/2026,Saturday
ARRIVAL,XY 258,Flynas,SAW,RUH,JED,13:50,23:15,195,565,Airbus A320neo,272000.0,701.0,high,6/20/2026,Saturday
ARRIVAL,VF 3010,AJet,SAW,ESB,JED,20:25,3:40,145,435,Boeing 737MAX 8 Passenger,203000.0,747.0,high,6/20/2026,Saturday
ARRIVAL,XY 556,Flynas,SAW,Direct,JED,15:15,18:55,0,220,Airbus A320neo,174000.0,790.0,high,6/20/2026,Saturday
ARRIVAL,PC 694,Pegasus,SAW,Direct,JED,21:25,1:10,0,225,Airbus A321,183000.0,1173.0,high,6/20/2026,Saturday
ARRIVAL,PC 698,Pegasus,SAW,Direct,JED,0:20,4:05,0,225,Airbus A321,183000.0,1227.0,high,6/20/2026,Saturday
DEPARTURE,SV 1420,Saudia,JED,Direct,MED,1:30,2:30,0,60,Airbus A321,57000.0,278.0,typical,5/12/2026,Tuesday
DEPARTURE,SV 1422,Saudia,JED,Direct,MED,3:45,4:45,0,60,Airbus A320,60000.0,278.0,typical,5/12/2026,Tuesday
DEPARTURE,SV 1038,Saudia,JED,RUH,MED,16:00,20:35,75,275,Airbus A321,212000.0,545.0,typical,5/12/2026,Tuesday
DEPARTURE,SV 1026,Saudia,JED,RUH,MED,10:00,15:00,100,300,Airbus A330,199000.0,545.0,typical,5/12/2026,Tuesday
DEPARTURE,SV 1030,Saudia,JED,RUH,MED,12:00,17:05,105,305,Boeing 777,184000.0,545.0,typical,5/12/2026,Tuesday
DEPARTURE,XY 42,Flynas,JED,RUH,MED,16:40,21:05,70,265,Airbus A320neo,145000.0,645.0,typical,5/12/2026,Tuesday
DEPARTURE,SV 1428,Saudia,JED,Direct,MED,16:40,17:40,0,60,Airbus A320,60000.0,724.0,typical,5/12/2026,Tuesday
DEPARTURE,SV 1424,Saudia,JED,Direct,MED,8:20,9:20,0,60,Airbus A320,90000.0,853.0,typical,5/12/2026,Tuesday
DEPARTURE,SV 1430,Saudia,JED,Direct,MED,20:20,21:20,0,60,Airbus A320,90000.0,853.0,typical,5/12/2026,Tuesday
DEPARTURE,SM 472,Air Cairo,JED,CAI,MED,0:45,8:30,220,465,Airbus A320,211000.0,1482.0,typical,5/12/2026,Tuesday
DEPARTURE,RJ 703,Royal Jordanian,JED,AMM,MED,13:55,18:50,60,295,Airbus A320neo,175000.0,2842.0,typical,5/12/2026,Tuesday
ARRIVAL,AI 315,Air India,HKG,DEL,JED,8:20,20:50,340,1050,Boeing 787,596000.0,1658.0,typical,8/17/2026,Monday
ARRIVAL,TG 603,THAI,HKG,BKK,JED,7:50,0:05,290,1275,Airbus A320,739000.0,1832.0,typical,8/17/2026,Monday
ARRIVAL,QR 817,Qatar Airways,HKG,DOH,JED,19:40,3:20,120,760,Boeing 777,577000.0,2034.0,typical,8/17/2026,Monday
ARRIVAL,EY 871,Etihad,HKG,AUH,JED,20:10,3:55,100,765,Boeing 787,520000.0,2202.0,typical,8/17/2026,Monday
ARRIVAL,HU 780,Hainan,HKG,HAK,JED,20:50,8:10,1760,2420,Boeing 737,545000.0,1626.0,typical,8/17/2026,Monday
ARRIVAL,TG 629,THAI,HKG,BKK,JED,15:30,13:15,110,1605,Airbus A320,652000.0,1937.0,typical,8/17/2026,Monday
ARRIVAL,QR 815,Qatar Airways,HKG,DOH,JED,1:25,10:10,185,825,Boeing 777,593000.0,2034.0,typical,8/17/2026,Monday
ARRIVAL,CX 647,Cathay Pacific,HKG,RUH,JED,16:55,0:45,115,770,Airbus A350,529000.0,2770.0,typical,8/17/2026,Monday
ARRIVAL,CX 731,Cathay Pacific,HKG,DXB,JED,17:45,0:55,90,730,Boeing 777,626000.0,2808.0,typical,8/17/2026,Monday
ARRIVAL,EK 383,Emirates,HKG,DXB,JED,19:10,2:05,70,715,Boeing 777,604000.0,3407.0,typical,8/17/2026,Monday
DEPARTURE,EY 602,Etihad,JED,AUH,ORD,3:10,15:40,185,1230,Airbus A321,736000.0,2712.0,typical,8/18/2026,Tuesday
DEPARTURE,TK 95,Turkish Airlines,JED,IST,ORD,1:30,9:40,70,970,Airbus A321 (Sharklets),604000.0,2979.0,typical,8/18/2026,Tuesday
DEPARTURE,TK 97,Turkish Airlines,JED,IST,ORD,6:05,18:15,290,1210,Airbus A321neo,665000.0,2979.0,typical,8/18/2026,Tuesday
DEPARTURE,MS 672,EgyptAir,JED,CAI,ORD,18:30,5:15,250,1125,Airbus A330,742000.0,3122.0,typical,8/18/2026,Tuesday
DEPARTURE,SV 119,Saudia,JED,LHR,ORD,8:10,22:05,90,1315,Boeing 787,695000.0,2611.0,typical,8/18/2026,Tuesday
DEPARTURE,TK 127,Turkish Airlines,JED,IST,ORD,19:20,9:40,420,1340,Boeing 737,598000.0,2749.0,typical,8/18/2026,Tuesday
DEPARTURE,EY 612,Etihad,JED,AUH,ORD,19:00,8:35,250,1295,Airbus A321,736000.0,2806.0,typical,8/18/2026,Tuesday
DEPARTURE,MS 662,EgyptAir,JED,CAI,ORD,11:10,5:15,690,1565,Airbus A330,742000.0,3066.0,typical,8/18/2026,Tuesday
DEPARTURE,EK 802,Emirates,JED,DXB,ORD,4:05,15:45,120,1180,Airbus A380,977000.0,3351.0,typical,8/18/2026,Tuesday
DEPARTURE,QR 1185,Qatar Airways,JED,DOH,ORD,4:50,15:05,60,1095,Boeing 787,876000.0,3606.0,typical,8/18/2026,Tuesday
ARRIVAL,EY 6,Etihad,IAD,AUH,JED,15:10,16:10,120,1080,Boeing 787,739000.0,3086.0,high,6/18/2026,Thursday
ARRIVAL,TK 188,Turkish Airlines,IAD,IST,JED,13:20,15:55,355,1175,Boeing 787,661000.0,3556.0,high,6/18/2026,Thursday
ARRIVAL,RJ 282,Royal Jordanian,IAD,AMM,JED,21:05,19:40,145,935,Boeing 787,683000.0,3689.0,high,6/18/2026,Thursday
ARRIVAL,SV 36,Saudia,IAD,Direct,JED,18:50,13:55,0,725,Boeing 777,676000.0,4226.0,high,6/18/2026,Thursday
ARRIVAL,QR 710,Qatar Airways,IAD,DOH,JED,11:05,1:40,985,1895,Airbus A350,754000.0,2887.0,high,6/18/2026,Thursday
ARRIVAL,QR 710,Qatar Airways,IAD,DOH,JED,11:05,10:10,55,965,Airbus A350,782000.0,3563.0,high,6/18/2026,Thursday
ARRIVAL,MS 982,EgyptAir,IAD,CAI,JED,12:00,10:30,170,930,Boeing 787,610000.0,4771.0,high,6/18/2026,Thursday
ARRIVAL,ET 501,Ethiopian,IAD,ADD,JED,10:55,13:30,230,1175,Airbus A350,698000.0,4870.0,high,6/18/2026,Thursday
ARRIVAL,GF 173,Gulf Air,BAH,Direct,JED,18:05,20:30,0,145,Airbus A321neo,106000.0,1277.0,typical,4/19/2026,Sunday
ARRIVAL,FZ 26,flydubai,BAH,DXB,JED,16:50,8:45,600,955,Boeing 737MAX 8 Passenger,206000.0,1564.0,typical,4/19/2026,Sunday
ARRIVAL,FZ 26,flydubai,BAH,DXB,JED,16:50,3:40,275,650,Boeing 737MAX 8 Passenger,199000.0,2230.0,typical,4/19/2026,Sunday
ARRIVAL,GF 163,Gulf Air,BAH,RUH,JED,9:40,1:35,355,955,Airbus A320neo,315000.0,3995.0,typical,4/19/2026,Sunday
ARRIVAL,A3 655,Aegean,FCO,ATH,JED,18:30,2:35,95,425,Airbus A321neo,262000.0,933.0,typical,9/13/2026,Sunday
ARRIVAL,SV 206,Saudia,FCO,RUH,JED,9:25,19:45,140,560,Airbus A320,541000.0,1240.0,typical,9/13/2026,Sunday
ARRIVAL,SV 202,Saudia,FCO,Direct,JED,16:10,21:55,0,285,Airbus A320,394000.0,1646.0,typical,9/13/2026,Sunday
ARRIVAL,PC 1224,Pegasus,FCO,SAW,JED,14:50,1:10,185,560,Airbus A321,296000.0,1232.0,typical,9/13/2026,Sunday
ARRIVAL,SV 208,Saudia,FCO,RUH,JED,16:10,2:45,155,575,Airbus A320,541000.0,1240.0,typical,9/13/2026,Sunday
ARRIVAL,WY 148,Oman Air,FCO,MCT,JED,21:10,17:10,545,1140,Boeing 737,565000.0,1243.0,typical,9/13/2026,Sunday
ARRIVAL,EY 84,Etihad,FCO,AUH,JED,23:00,16:10,430,970,Boeing 787,452000.0,1337.0,typical,9/13/2026,Sunday
ARRIVAL,EY 86,Etihad,FCO,AUH,JED,11:35,23:25,105,650,Boeing 787-10,434000.0,1359.0,typical,9/13/2026,Sunday
ARRIVAL,MS 792,EgyptAir,FCO,CAI,JED,14:00,22:00,95,420,Airbus A321,346000.0,2229.0,typical,9/13/2026,Sunday
ARRIVAL,XY 419,Flynas,DMM,Direct,JED,12:45,14:55,0,130,Airbus A320neo,98000.0,380.0,high,7/17/2026,Friday
ARRIVAL,XY 405,Flynas,DMM,Direct,JED,15:30,17:40,0,130,Airbus A320neo,98000.0,380.0,high,7/17/2026,Friday
ARRIVAL,F3 308,flyadeal,DMM,Direct,JED,13:50,15:55,0,125,Airbus A320,107000.0,385.0,high,7/17/2026,Friday
ARRIVAL,XY 407,Flynas,DMM,Direct,JED,0:40,2:50,0,130,Airbus A320neo,98000.0,380.0,high,7/17/2026,Friday
ARRIVAL,XY 413,Flynas,DMM,Direct,JED,1:55,4:05,0,130,Airbus A320neo,98000.0,380.0,high,7/17/2026,Friday
ARRIVAL,XY 403,Flynas,DMM,Direct,JED,9:35,11:45,0,130,Airbus A320neo,98000.0,380.0,high,7/17/2026,Friday
ARRIVAL,XY 415,Flynas,DMM,Direct,JED,19:50,22:00,0,130,Airbus A320neo,98000.0,380.0,high,7/17/2026,Friday
ARRIVAL,XY 411,Flynas,DMM,Direct,JED,21:15,23:25,0,130,Airbus A320neo,98000.0,380.0,high,7/17/2026,Friday
ARRIVAL,XY 422,Flynas,DMM,Direct,JED,22:15,0:25,0,130,Airbus A320neo,98000.0,380.0,high,7/17/2026,Friday
ARRIVAL,F3 324,flyadeal,DMM,Direct,JED,2:10,4:20,0,130,Airbus A320,107000.0,385.0,high,7/17/2026,Friday
ARRIVAL,F3 322,flyadeal,DMM,Direct,JED,2:55,5:05,0,130,Airbus A320,107000.0,385.0,high,7/17/2026,Friday
ARRIVAL,F3 304,flyadeal,DMM,Direct,JED,10:45,12:55,0,130,Airbus A320,107000.0,385.0,high,7/17/2026,Friday
ARRIVAL,F3 310,flyadeal,DMM,Direct,JED,15:45,17:55,0,130,Airbus A320,107000.0,385.0,high,7/17/2026,Friday
ARRIVAL,F3 318,flyadeal,DMM,Direct,JED,21:20,23:30,0,130,Airbus A320,107000.0,385.0,high,7/17/2026,Friday
ARRIVAL,SV 1131,Saudia,DMM,Direct,JED,1:10,3:20,0,130,Airbus A320,132000.0,497.0,high,7/17/2026,Friday
ARRIVAL,SV 1127,Saudia,DMM,Direct,JED,4:15,6:25,0,130,Airbus A320,132000.0,497.0,high,7/17/2026,Friday
ARRIVAL,SV 1105,Saudia,DMM,Direct,JED,6:15,8:25,0,130,Airbus A320,132000.0,497.0,high,7/17/2026,Friday
ARRIVAL,SV 1107,Saudia,DMM,Direct,JED,10:15,12:25,0,130,Airbus A320,132000.0,497.0,high,7/17/2026,Friday
ARRIVAL,SV 1109,Saudia,DMM,Direct,JED,12:15,14:25,0,130,Airbus A320,132000.0,497.0,high,7/17/2026,Friday
ARRIVAL,SV 1113,Saudia,DMM,Direct,JED,14:15,16:25,0,130,Airbus A320,132000.0,497.0,high,7/17/2026,Friday
ARRIVAL,SV 1115,Saudia,DMM,Direct,JED,16:15,18:25,0,130,Airbus A320,132000.0,497.0,high,7/17/2026,Friday
ARRIVAL,SV 1117,Saudia,DMM,Direct,JED,18:15,20:25,0,130,Airbus A320,132000.0,497.0,high,7/17/2026,Friday
ARRIVAL,SV 1125,Saudia,DMM,Direct,JED,20:15,22:25,0,130,Airbus A320,132000.0,497.0,high,7/17/2026,Friday
ARRIVAL,SV 1129,Saudia,DMM,Direct,JED,22:15,0:25,0,130,Airbus A321,126000.0,497.0,high,7/17/2026,Friday
ARRIVAL,QP 561,Akasa Air,BOM,Direct,JED,4:35,7:45,0,340,Boeing 737MAX 8 Passenger,216000.0,911.0,typical,8/7/2026,Friday
ARRIVAL,QP 552,Akasa Air,BOM,Direct,JED,17:40,20:45,0,335,Boeing 737MAX 8 Passenger,229000.0,911.0,typical,8/7/2026,Friday
ARRIVAL,SV 771,Saudia,BOM,Direct,JED,11:00,13:20,0,290,Boeing 777,253000.0,939.0,typical,8/7/2026,Friday
ARRIVAL,GF 57,Gulf Air,BOM,BAH,JED,6:05,3:55,1080,1460,Airbus A321neo,334000.0,870.0,typical,8/7/2026,Friday
ARRIVAL,GF 65,Gulf Air,BOM,BAH,JED,21:45,15:40,855,1225,Airbus A321neo,322000.0,870.0,typical,8/7/2026,Friday
ARRIVAL,GF 57,Gulf Air,BOM,BAH,JED,6:05,12:30,155,535,Airbus A321neo,334000.0,898.0,typical,8/7/2026,Friday
ARRIVAL,GF 65,Gulf Air,BOM,BAH,JED,21:45,3:55,140,520,Airbus A321neo,359000.0,898.0,typical,8/7/2026,Friday
ARRIVAL,6E 91,IndiGo,BOM,Direct,JED,0:15,3:10,0,325,Airbus A320neo,235000.0,1058.0,typical,8/7/2026,Friday
ARRIVAL,6E 61,IndiGo,BOM,Direct,JED,21:05,0:05,0,330,Airbus A320neo,235000.0,1058.0,typical,8/7/2026,Friday
ARRIVAL,AI 2245,Air India,BOM,Direct,JED,18:45,21:40,0,325,Airbus A320neo,262000.0,1068.0,typical,8/7/2026,Friday
DEPARTURE,A3 951,Aegean,JED,ATH,LHR,3:30,15:30,380,840,Airbus A320neo,342000.0,1043.0,typical,8/20/2026,Thursday
DEPARTURE,SV 1048,Saudia,JED,RUH,LHR,21:00,9:40,180,880,Airbus A330,525000.0,1176.0,typical,8/20/2026,Thursday
DEPARTURE,A3 951,Aegean,JED,ATH,LHR,3:30,11:15,125,585,Airbus A320neo,342000.0,1207.0,typical,8/20/2026,Thursday
DEPARTURE,QR 1187,Qatar Airways,JED,DOH,LHR,19:50,8:00,275,850,Boeing 787,417000.0,1345.0,typical,8/20/2026,Thursday
DEPARTURE,WY 676,Oman Air,JED,MCT,LHR,18:00,6:30,200,870,Boeing 737,522000.0,1479.0,typical,8/20/2026,Thursday
DEPARTURE,EY 602,Etihad,JED,AUH,LHR,3:10,12:45,70,695,Airbus A321,576000.0,1606.0,typical,8/20/2026,Thursday
DEPARTURE,MS 666,EgyptAir,JED,CAI,LHR,6:15,13:35,125,560,Airbus A330,363000.0,2085.0,typical,8/20/2026,Thursday
DEPARTURE,SV 119,Saudia,JED,Direct,LHR,8:10,12:40,0,390,Boeing 787,262000.0,2873.0,typical,8/20/2026,Thursday
DEPARTURE,SV 215,Saudia,JED,AMS,LHR,9:00,16:15,120,555,Boeing 787,304000.0,2992.0,typical,8/20/2026,Thursday
DEPARTURE,SV 1036,Saudia,JED,RUH,YNB,15:00,19:50,80,290,Airbus A330,198000.0,965.0,high,7/28/2026,Tuesday
DEPARTURE,SV 1054,Saudia,JED,RUH,YNB,23:55,5:40,135,345,Airbus A320,217000.0,965.0,high,7/28/2026,Tuesday
DEPARTURE,NP 228,Nile Air,JED,CAI,YNB,9:30,21:05,460,695,Airbus A320,201000.0,1150.0,high,7/28/2026,Tuesday
ARRIVAL,VF 54,AJet,ZRH,SAW,JED,11:30,2:05,405,815,Boeing 737,334000.0,1746.0,high,7/9/2026,Thursday
ARRIVAL,EY 140,Etihad,ZRH,AUH,JED,16:15,3:55,100,640,Airbus A321neo,565000.0,1902.0,high,7/9/2026,Thursday
ARRIVAL,A3 851,Aegean,ZRH,ATH,JED,11:15,2:35,490,860,Airbus A320neo,298000.0,2102.0,high,7/9/2026,Thursday
ARRIVAL,PC 950,Pegasus,ZRH,SAW,JED,16:00,1:10,95,490,Airbus A321,320000.0,2227.0,high,7/9/2026,Thursday
ARRIVAL,TK 1910,Turkish Airlines,ZRH,IST,JED,18:45,16:10,425,1225,Airbus A320,489000.0,1904.0,high,7/9/2026,Thursday
ARRIVAL,PC 948,Pegasus,ZRH,SAW,JED,11:10,1:10,385,780,Airbus A321,320000.0,2222.0,high,7/9/2026,Thursday
ARRIVAL,EY 142,Etihad,ZRH,AUH,JED,22:35,10:30,110,655,Airbus A321neo,565000.0,2421.0,high,7/9/2026,Thursday
ARRIVAL,SV 232,Saudia,ZRH,Direct,JED,16:00,23:05,0,365,Airbus A320,465000.0,3963.0,high,7/9/2026,Thursday
ARRIVAL,LX 1736,SWISS,ZRH,FCO,JED,12:45,21:55,110,490,Airbus A220-300 Passenger,476000.0,5246.0,high,7/9/2026,Thursday
ARRIVAL,SV 529,Saudia,BAH,Direct,JED,12:20,14:35,0,135,Airbus A320,139000.0,466.0,high,7/30/2026,Thursday
ARRIVAL,XY 528,Flynas,BAH,Direct,JED,19:50,22:15,0,145,Airbus A320neo,103000.0,480.0,high,7/30/2026,Thursday
ARRIVAL,EY 646,Etihad,BAH,AUH,JED,22:50,3:55,60,305,Airbus A320,239000.0,637.0,high,7/30/2026,Thursday
ARRIVAL,GF 183,Gulf Air,BAH,Direct,JED,13:25,15:40,0,135,Airbus A321neo,106000.0,690.0,high,7/30/2026,Thursday
ARRIVAL,GF 181,Gulf Air,BAH,Direct,JED,1:30,3:55,0,145,Airbus A321,151000.0,690.0,high,7/30/2026,Thursday
ARRIVAL,GF 175,Gulf Air,BAH,Direct,JED,1:55,4:20,0,145,Airbus A320,145000.0,690.0,high,7/30/2026,Thursday
ARRIVAL,GF 171,Gulf Air,BAH,Direct,JED,10:05,12:30,0,145,Airbus A321neo,106000.0,690.0,high,7/30/2026,Thursday
ARRIVAL,GF 173,Gulf Air,BAH,Direct,JED,18:05,20:30,0,145,Airbus A321neo,106000.0,690.0,high,7/30/2026,Thursday
ARRIVAL,GF 131,Gulf Air,DEL,BAH,JED,4:55,12:30,195,605,Airbus A321neo,321000.0,764.0,typical,7/19/2026,Sunday
ARRIVAL,SV 757,Saudia,DEL,Direct,JED,11:25,14:25,0,330,Boeing 777,296000.0,957.0,typical,7/19/2026,Sunday
ARRIVAL,SV 759,Saudia,DEL,Direct,JED,20:05,23:05,0,330,Boeing 777,316000.0,957.0,typical,7/19/2026,Sunday
ARRIVAL,GF 131,Gulf Air,DEL,BAH,JED,4:55,3:55,1120,1530,Airbus A321neo,366000.0,741.0,typical,7/19/2026,Sunday
ARRIVAL,GF 135,Gulf Air,DEL,BAH,JED,21:50,3:55,105,515,Airbus A321neo,366000.0,895.0,typical,7/19/2026,Sunday
ARRIVAL,QR 571,Qatar Airways,DEL,DOH,JED,10:25,21:05,415,790,Boeing 787,288000.0,992.0,typical,7/19/2026,Sunday
ARRIVAL,J9 410,Jazeera,DEL,KWI,JED,7:45,13:35,95,500,Airbus A320,377000.0,1090.0,typical,7/19/2026,Sunday
ARRIVAL,6E 63,IndiGo,DEL,Direct,JED,22:00,1:30,0,360,Airbus A320neo,266000.0,1139.0,typical,7/19/2026,Sunday
ARRIVAL,XY 330,Flynas,DEL,RUH,JED,4:15,10:30,150,525,Airbus A320neo,309000.0,1197.0,typical,7/19/2026,Sunday
ARRIVAL,AI 2255,Air India,DEL,Direct,JED,17:25,20:50,0,355,Airbus A320neo,295000.0,1416.0,typical,7/19/2026,Sunday
DEPARTURE,W4 6230,Wizz Air,JED,Direct,FCO,20:30,0:35,0,305,Airbus A321neo,203000.0,252.0,typical,9/7/2026,Monday
DEPARTURE,A3 951,Aegean,JED,ATH,FCO,3:30,17:35,560,905,Airbus A320neo,258000.0,751.0,typical,9/7/2026,Monday
DEPARTURE,SM 460,Air Cairo,JED,CAI,FCO,3:05,12:30,285,625,Airbus A320,280000.0,1098.0,typical,9/7/2026,Monday
DEPARTURE,SV 1048,Saudia,JED,RUH,FCO,21:00,6:15,180,615,Boeing 777,405000.0,1310.0,typical,9/7/2026,Monday
DEPARTURE,WY 672,Oman Air,JED,MCT,FCO,5:35,20:10,315,935,Boeing 737,571000.0,1409.0,typical,9/7/2026,Monday
DEPARTURE,SV 1018,Saudia,JED,RUH,FCO,6:00,14:40,135,580,Airbus A330,538000.0,1710.0,typical,9/7/2026,Monday
DEPARTURE,RJ 727,Royal Jordanian,JED,AMM,FCO,7:25,13:10,45,405,Airbus A320neo,283000.0,1883.0,high,9/7/2026,Monday
DEPARTURE,VF 190,AJet,JED,SAW,FCO,3:05,10:55,125,530,Boeing 737,312000.0,1983.0,high,9/7/2026,Monday
DEPARTURE,SV 203,Saudia,JED,Direct,FCO,3:10,7:15,0,305,Airbus A320,396000.0,3119.0,high,9/7/2026,Monday
ARRIVAL,SV 1767,Saudia,GIZ,Direct,JED,11:55,13:20,0,85,Airbus A320,85000.0,940.0,high,5/24/2026,Sunday
ARRIVAL,SV 1789,Saudia,GIZ,Direct,JED,14:15,15:40,0,85,Airbus A320,85000.0,940.0,high,5/24/2026,Sunday
ARRIVAL,SV 1769,Saudia,GIZ,Direct,JED,17:55,19:20,0,85,Airbus A320,85000.0,940.0,high,5/24/2026,Sunday
ARRIVAL,SV 1784,Saudia,GIZ,RUH,JED,21:55,9:45,490,710,Airbus A320,213000.0,513.0,high,5/24/2026,Sunday
ARRIVAL,XY 108,Flynas,GIZ,RUH,JED,17:30,22:10,60,280,Airbus A320neo,161000.0,903.0,high,5/24/2026,Sunday
ARRIVAL,SV 1793,Saudia,GIZ,Direct,JED,21:15,22:40,0,85,Airbus A320,85000.0,940.0,high,5/24/2026,Sunday
ARRIVAL,SV 1799,Saudia,GIZ,Direct,JED,23:00,0:25,0,85,Airbus A320,85000.0,940.0,high,5/24/2026,Sunday
ARRIVAL,F3 354,flyadeal,GIZ,Direct,JED,15:25,17:00,0,95,Airbus A320,69000.0,1005.0,high,5/24/2026,Sunday
ARRIVAL,F3 356,flyadeal,GIZ,Direct,JED,17:20,18:50,0,90,Airbus A320,69000.0,1005.0,high,5/24/2026,Sunday
ARRIVAL,F3 358,flyadeal,GIZ,Direct,JED,18:50,20:20,0,90,Airbus A320,69000.0,1005.0,high,5/24/2026,Sunday
ARRIVAL,XY 440,Flynas,GIZ,Direct,JED,8:25,9:50,0,85,Airbus A320neo,63000.0,1049.0,high,5/24/2026,Sunday
ARRIVAL,XY 442,Flynas,GIZ,Direct,JED,21:35,23:00,0,85,Airbus A320neo,63000.0,1049.0,high,5/24/2026,Sunday
ARRIVAL,SV 1782,Saudia,GIZ,Direct,JED,4:45,6:10,0,85,Airbus A320,85000.0,1316.0,high,5/24/2026,Sunday
DEPARTURE,SV 1028,Saudia,JED,RUH,BAH,11:00,16:40,160,340,Airbus A330,172000.0,534.0,high,7/15/2026,Wednesday
DEPARTURE,XY 36,Flynas,JED,RUH,BAH,14:10,19:15,125,305,Airbus A320neo,131000.0,539.0,high,7/15/2026,Wednesday
DEPARTURE,GF 176,Gulf Air,JED,Direct,BAH,5:20,7:30,0,130,Airbus A320,148000.0,665.0,high,7/15/2026,Wednesday
DEPARTURE,GF 182,Gulf Air,JED,Direct,BAH,6:00,8:10,0,130,Airbus A321neo,124000.0,665.0,high,7/15/2026,Wednesday
DEPARTURE,GF 172,Gulf Air,JED,Direct,BAH,13:30,15:50,0,140,Airbus A321neo,109000.0,665.0,high,7/15/2026,Wednesday
DEPARTURE,GF 184,Gulf Air,JED,Direct,BAH,16:40,18:50,0,130,Airbus A321neo,109000.0,665.0,high,7/15/2026,Wednesday
DEPARTURE,GF 174,Gulf Air,JED,Direct,BAH,21:30,23:50,0,140,Airbus A320neo,117000.0,665.0,high,7/15/2026,Wednesday
DEPARTURE,QR 1189,Qatar Airways,JED,DOH,BAH,22:35,3:05,75,270,Boeing 787,151000.0,683.0,high,7/15/2026,Wednesday
DEPARTURE,XY 551,Flynas,JED,Direct,AMM,12:25,14:20,0,115,Airbus A320neo,94000.0,379.0,typical,5/1/2026,Friday
DEPARTURE,RJ 705,Royal Jordanian,JED,Direct,AMM,4:50,7:00,0,130,Airbus A320neo,91000.0,550.0,typical,5/1/2026,Friday
DEPARTURE,RJ 707,Royal Jordanian,JED,Direct,AMM,20:55,23:05,0,130,Boeing 787,90000.0,550.0,typical,5/1/2026,Friday
DEPARTURE,XY 32,Flynas,JED,RUH,AMM,13:10,21:20,245,490,Airbus A320neo,180000.0,696.0,typical,5/1/2026,Friday
DEPARTURE,WY 672,Oman Air,JED,MCT,AMM,5:35,15:40,190,605,Boeing 737,369000.0,957.0,typical,5/1/2026,Friday
DEPARTURE,QR 1189,Qatar Airways,JED,DOH,AMM,22:35,12:30,460,835,Boeing 777,242000.0,1091.0,typical,5/1/2026,Friday
DEPARTURE,QR 1189,Qatar Airways,JED,DOH,AMM,22:35,9:25,320,650,Boeing 777,264000.0,1146.0,typical,5/1/2026,Friday
DEPARTURE,MS 670,EgyptAir,JED,CAI,AMM,23:00,8:35,370,575,Boeing 737,213000.0,1545.0,typical,5/1/2026,Friday
DEPARTURE,MS 662,EgyptAir,JED,CAI,AMM,11:30,19:10,255,460,Airbus A320neo,197000.0,1553.0,typical,5/1/2026,Friday
ARRIVAL,QR 106,Qatar Airways,LHR,DOH,JED,18:55,10:10,240,795,Boeing 777,510000.0,1719.0,typical,8/13/2026,Thursday
ARRIVAL,EY 68,Etihad,LHR,AUH,JED,21:45,10:30,55,645,Airbus A380,573000.0,2118.0,typical,8/13/2026,Thursday
ARRIVAL,A3 601,Aegean,LHR,ATH,JED,12:15,2:35,305,740,Airbus A321neo,345000.0,2185.0,typical,8/13/2026,Thursday
ARRIVAL,A3 609,Aegean,LHR,ATH,JED,22:15,2:35,1150,1580,Airbus A321neo,345000.0,1793.0,typical,8/13/2026,Thursday
ARRIVAL,EY 64,Etihad,LHR,AUH,JED,14:45,3:55,80,670,Airbus A380,573000.0,2138.0,typical,8/13/2026,Thursday
ARRIVAL,TK 1988,Turkish Airlines,LHR,IST,JED,6:30,18:20,125,590,Airbus A321neo,420000.0,2804.0,typical,8/13/2026,Thursday
ARRIVAL,TK 1972,Turkish Airlines,LHR,IST,JED,18:30,5:05,60,515,Boeing 777,391000.0,2804.0,typical,8/13/2026,Thursday
ARRIVAL,TK 1980,Turkish Airlines,LHR,IST,JED,11:20,0:30,200,670,Airbus A350,362000.0,2829.0,typical,8/13/2026,Thursday
ARRIVAL,SV 118,Saudia,LHR,Direct,JED,22:10,6:20,0,370,Boeing 787,306000.0,3822.0,typical,8/13/2026,Thursday
ARRIVAL,SV 120,Saudia,LHR,Direct,JED,14:40,22:50,0,370,Boeing 787,264000.0,4284.0,typical,8/13/2026,Thursday
ARRIVAL,RJ 112,Royal Jordanian,LHR,AMM,JED,17:05,3:05,45,480,Boeing 787,319000.0,4386.0,typical,8/13/2026,Thursday
DEPARTURE,VF 190,AJet,JED,SAW,FRA,3:05,12:30,195,625,Boeing 737,341000.0,1105.0,high,7/26/2026,Sunday
DEPARTURE,GF 174,Gulf Air,JED,BAH,FRA,21:30,6:55,100,625,Airbus A321,515000.0,1116.0,high,7/26/2026,Sunday
DEPARTURE,EY 604,Etihad,JED,AUH,FRA,5:40,18:45,280,845,Airbus A321,477000.0,1124.0,high,7/26/2026,Sunday
DEPARTURE,QR 1185,Qatar Airways,JED,DOH,FRA,4:50,14:35,125,645,Boeing 787,378000.0,1268.0,high,7/26/2026,Sunday
DEPARTURE,VF 568,AJet,JED,ESB,FRA,4:40,16:45,360,785,Boeing 737MAX 8 Passenger,309000.0,1100.0,high,7/26/2026,Sunday
DEPARTURE,VF 1568,AJet,JED,ESB,FRA,22:00,16:45,760,1185,Boeing 737MAX 8 Passenger,309000.0,1100.0,high,7/26/2026,Sunday
DEPARTURE,PC 695,Pegasus,JED,SAW,FRA,2:30,13:40,310,730,Airbus A321,325000.0,1104.0,high,7/26/2026,Sunday
DEPARTURE,VF 192,AJet,JED,SAW,FRA,6:35,16:55,250,680,Boeing 737,341000.0,1105.0,high,7/26/2026,Sunday
DEPARTURE,EY 612,Etihad,JED,AUH,FRA,19:00,6:55,205,775,Airbus A321,477000.0,1143.0,high,7/26/2026,Sunday
DEPARTURE,QR 1189,Qatar Airways,JED,DOH,FRA,22:35,7:15,60,580,Boeing 787,362000.0,1268.0,high,7/26/2026,Sunday
DEPARTURE,TK 97,Turkish Airlines,JED,IST,FRA,6:05,13:40,95,515,Airbus A321neo,316000.0,1982.0,high,7/26/2026,Sunday
DEPARTURE,SV 167,Saudia,JED,Direct,FRA,9:45,14:45,0,360,Airbus A320,477000.0,2360.0,high,7/26/2026,Sunday
DEPARTURE,MS 644,EgyptAir,JED,CAI,FRA,0:30,8:10,120,520,Boeing 737,332000.0,3648.0,high,7/26/2026,Sunday
ARRIVAL,VF 3008,AJet,SAW,ESB,JED,18:00,1:50,180,470,Boeing 737,209000.0,651.0,typical,8/20/2026,Thursday
ARRIVAL,VF 189,AJet,SAW,Direct,JED,22:10,2:05,0,235,Boeing 737,187000.0,653.0,typical,8/20/2026,Thursday
ARRIVAL,F3 810,flyadeal,SAW,Direct,JED,4:55,8:20,0,205,Airbus A320,190000.0,694.0,typical,8/20/2026,Thursday
ARRIVAL,VF 3004,AJet,SAW,ESB,JED,23:50,1:10,1230,1520,Boeing 737,209000.0,651.0,typical,8/20/2026,Thursday
ARRIVAL,XY 556,Flynas,SAW,Direct,JED,15:15,18:55,0,220,Airbus A320neo,174000.0,869.0,typical,8/20/2026,Thursday
ARRIVAL,PC 698,Pegasus,SAW,Direct,JED,0:20,4:05,0,225,Airbus A321,176000.0,967.0,typical,8/20/2026,Thursday
ARRIVAL,PC 694,Pegasus,SAW,Direct,JED,21:25,1:10,0,225,Airbus A321,176000.0,976.0,typical,8/20/2026,Thursday
ARRIVAL,PC 690,Pegasus,SAW,RUH,JED,23:55,8:25,150,510,Airbus A321,275000.0,1908.0,typical,8/20/2026,Thursday
DEPARTURE,J9 214,Jazeera,JED,KWI,DEL,15:40,7:00,395,770,Airbus A320neo,352000.0,760.0,high,9/8/2026,Tuesday
DEPARTURE,SV 1018,Saudia,JED,RUH,DEL,6:00,17:00,145,510,Airbus A330,351000.0,798.0,high,9/8/2026,Tuesday
DEPARTURE,EK 802,Emirates,JED,DXB,DEL,4:05,14:45,115,490,Airbus A380,337000.0,849.0,high,9/8/2026,Tuesday
DEPARTURE,6E 64,IndiGo,JED,Direct,DEL,3:00,11:25,0,355,Airbus A320neo,276000.0,967.0,high,9/8/2026,Tuesday
DEPARTURE,EK 804,Emirates,JED,DXB,DEL,20:10,9:05,225,625,Airbus A380,343000.0,849.0,high,9/8/2026,Tuesday
DEPARTURE,QR 1189,Qatar Airways,JED,DOH,DEL,22:35,8:45,90,460,Boeing 787,283000.0,920.0,high,9/8/2026,Tuesday
DEPARTURE,XY 60,Flynas,JED,RUH,DEL,16:30,3:25,145,505,Airbus A320neo,316000.0,947.0,high,9/8/2026,Tuesday
DEPARTURE,AI 2256,Air India,JED,Direct,DEL,21:50,6:10,0,350,Airbus A320neo,310000.0,991.0,high,9/8/2026,Tuesday
ARRIVAL,SV 1586,Saudia,YNB,RUH,JED,6:30,11:45,110,315,Airbus A321,212000.0,968.0,typical,6/28/2026,Sunday
ARRIVAL,SV 1584,Saudia,YNB,RUH,JED,20:40,2:45,160,365,Airbus A320,204000.0,968.0,typical,6/28/2026,Sunday
DEPARTURE,PC 695,Pegasus,JED,Direct,SAW,2:30,6:15,0,225,Airbus A321,185000.0,375.0,typical,5/3/2026,Sunday
DEPARTURE,VF 190,AJet,JED,Direct,SAW,3:05,6:55,0,230,Boeing 737MAX 8 Passenger,163000.0,391.0,typical,5/3/2026,Sunday
DEPARTURE,XY 555,Flynas,JED,Direct,SAW,10:40,14:15,0,215,Airbus A320neo,174000.0,439.0,typical,5/3/2026,Sunday
DEPARTURE,PC 695,Pegasus,JED,Direct,SAW,2:30,6:15,0,225,Airbus A320,190000.0,443.0,typical,4/24/2026,Friday
DEPARTURE,VF 190,AJet,JED,Direct,SAW,3:10,7:00,0,230,Boeing 737MAX 8 Passenger,163000.0,444.0,typical,4/24/2026,Friday
DEPARTURE,XY 555,Flynas,JED,Direct,SAW,10:30,14:15,0,225,Airbus A320neo,174000.0,539.0,typical,4/24/2026,Friday
DEPARTURE,XY 62,Flynas,JED,RUH,SAW,21:50,13:00,550,910,Airbus A320neo,274000.0,1462.0,typical,4/24/2026,Friday
DEPARTURE,XY 54,Flynas,JED,RUH,SAW,23:59,13:00,421,781,Airbus A320neo,274000.0,1571.0,typical,4/24/2026,Friday
ARRIVAL,XY 566,Flynas,CAI,Direct,JED,9:25,11:50,0,145,Airbus A320neo,100000.0,850.0,high,5/20/2026,Wednesday
ARRIVAL,F3 756,flyadeal,CAI,Direct,JED,11:45,14:00,0,135,Airbus A320,109000.0,857.0,high,5/20/2026,Wednesday
ARRIVAL,NP 227,Nile Air,CAI,Direct,JED,7:00,9:15,0,135,Airbus A320,112000.0,895.0,high,5/20/2026,Wednesday
ARRIVAL,NE 170,Nesma Airlines,CAI,Direct,JED,3:40,5:55,0,135,Airbus A321,122000.0,895.0,high,5/20/2026,Wednesday
ARRIVAL,E5 327,Air Arabia Egypt,CAI,Direct,JED,5:55,8:10,0,135,Airbus A320,116000.0,924.0,high,5/20/2026,Wednesday
ARRIVAL,XY 268,Flynas,CAI,RUH,JED,15:45,23:15,175,450,Airbus A320neo,203000.0,760.0,high,5/20/2026,Wednesday
ARRIVAL,XY 568,Flynas,CAI,Direct,JED,1:15,3:40,0,145,Airbus A320neo,100000.0,850.0,high,5/20/2026,Wednesday
ARRIVAL,XY 584,Flynas,CAI,Direct,JED,10:20,12:45,0,145,Airbus A320neo,100000.0,850.0,high,5/20/2026,Wednesday
ARRIVAL,XY 578,Flynas,CAI,Direct,JED,18:10,20:35,0,145,Airbus A320neo,100000.0,850.0,high,5/20/2026,Wednesday
ARRIVAL,XY 572,Flynas,CAI,Direct,JED,22:00,0:25,0,145,Airbus A320neo,100000.0,850.0,high,5/20/2026,Wednesday
ARRIVAL,XY 590,Flynas,CAI,Direct,JED,23:25,1:50,0,145,Airbus A320neo,100000.0,850.0,high,5/20/2026,Wednesday
ARRIVAL,F3 764,flyadeal,CAI,Direct,JED,0:20,2:30,0,130,Airbus A320,109000.0,857.0,high,5/20/2026,Wednesday
ARRIVAL,F3 762,flyadeal,CAI,Direct,JED,21:45,23:55,0,130,Airbus A320,109000.0,857.0,high,5/20/2026,Wednesday
ARRIVAL,F3 754,flyadeal,CAI,Direct,JED,9:45,12:00,0,135,Airbus A320,109000.0,956.0,high,5/20/2026,Wednesday
ARRIVAL,NE 172,Nesma Airlines,CAI,Direct,JED,5:00,7:15,0,135,Airbus A321,116000.0,1051.0,high,5/20/2026,Wednesday
ARRIVAL,NP 127,Nile Air,CAI,Direct,JED,12:45,15:00,0,135,Airbus A320,112000.0,1054.0,high,5/20/2026,Wednesday
ARRIVAL,NE 174,Nesma Airlines,CAI,Direct,JED,18:25,20:40,0,135,Airbus A321,116000.0,1195.0,high,5/20/2026,Wednesday
ARRIVAL,SM 477,Air Cairo,CAI,Direct,JED,4:10,6:20,0,130,Airbus A320,112000.0,1335.0,high,5/20/2026,Wednesday
ARRIVAL,SM 475,Air Cairo,CAI,Direct,JED,7:00,9:10,0,130,Airbus A320,112000.0,1335.0,high,5/20/2026,Wednesday
ARRIVAL,XY 570,Flynas,CAI,Direct,JED,19:05,21:30,0,145,Airbus A320neo,100000.0,1680.0,high,5/20/2026,Wednesday
ARRIVAL,SV 386,Saudia,CAI,Direct,JED,1:50,4:00,0,130,Airbus A330,115000.0,3208.0,high,5/20/2026,Wednesday
ARRIVAL,SV 308,Saudia,CAI,Direct,JED,4:25,6:35,0,130,Airbus A330,115000.0,3208.0,high,5/20/2026,Wednesday
ARRIVAL,SV 382,Saudia,CAI,Direct,JED,6:55,9:05,0,130,Airbus A330,115000.0,3208.0,high,5/20/2026,Wednesday
ARRIVAL,SV 306,Saudia,CAI,Direct,JED,15:00,17:10,0,130,Airbus A330,115000.0,3208.0,high,5/20/2026,Wednesday
ARRIVAL,SV 330,Saudia,CAI,Direct,JED,17:40,19:55,0,135,Airbus A321,128000.0,3208.0,high,5/20/2026,Wednesday
ARRIVAL,SV 304,Saudia,CAI,Direct,JED,18:10,20:20,0,130,Airbus A330,115000.0,3208.0,high,5/20/2026,Wednesday
ARRIVAL,SV 302,Saudia,CAI,Direct,JED,20:50,23:00,0,130,Airbus A330,115000.0,3208.0,high,5/20/2026,Wednesday
ARRIVAL,SV 388,Saudia,CAI,Direct,JED,23:25,1:35,0,130,Airbus A330,96000.0,3208.0,high,5/20/2026,Wednesday
ARRIVAL,SV 300,Saudia,CAI,Direct,JED,12:40,14:50,0,130,Airbus A330,115000.0,4273.0,high,5/20/2026,Wednesday
DEPARTURE,KU 784,Kuwait Airways,JED,Direct,KWI,2:30,4:55,0,145,Airbus A321neo,118000.0,642.0,typical,8/19/2026,Wednesday
DEPARTURE,QR 1185,Qatar Airways,JED,DOH,KWI,4:50,10:10,95,320,Boeing 787,167000.0,687.0,typical,8/19/2026,Wednesday
DEPARTURE,SV 1014,Saudia,JED,RUH,KWI,4:00,9:40,160,340,Airbus A321,174000.0,776.0,typical,8/19/2026,Wednesday
DEPARTURE,KU 788,Kuwait Airways,JED,Direct,KWI,12:40,15:05,0,145,Boeing 777,118000.0,642.0,typical,8/19/2026,Wednesday
DEPARTURE,KU 786,Kuwait Airways,JED,Direct,KWI,20:45,23:10,0,145,Boeing 777,118000.0,642.0,typical,8/19/2026,Wednesday
DEPARTURE,QR 1191,Qatar Airways,JED,DOH,KWI,11:40,16:10,45,270,Boeing 787,157000.0,687.0,typical,8/19/2026,Wednesday
DEPARTURE,QR 1189,Qatar Airways,JED,DOH,KWI,22:35,3:05,45,270,Airbus A350,182000.0,687.0,typical,8/19/2026,Wednesday
DEPARTURE,J9 212,Jazeera,JED,Direct,KWI,14:20,16:30,0,130,Airbus A320neo,100000.0,932.0,high,8/19/2026,Wednesday
DEPARTURE,J9 214,Jazeera,JED,Direct,KWI,15:40,17:50,0,130,Airbus A320,117000.0,932.0,high,8/19/2026,Wednesday
DEPARTURE,SV 504,Saudia,JED,Direct,KWI,9:00,11:05,0,125,Airbus A321,146000.0,1066.0,high,8/19/2026,Wednesday
DEPARTURE,SV 500,Saudia,JED,Direct,KWI,13:55,16:00,0,125,Airbus A320,135000.0,1066.0,high,8/19/2026,Wednesday
ARRIVAL,F3 354,flyadeal,GIZ,Direct,JED,15:25,17:00,0,95,Airbus A320,69000.0,275.0,high,7/29/2026,Wednesday
ARRIVAL,F3 356,flyadeal,GIZ,Direct,JED,17:20,18:50,0,90,Airbus A320,69000.0,275.0,high,7/29/2026,Wednesday
ARRIVAL,F3 358,flyadeal,GIZ,Direct,JED,18:50,20:20,0,90,Airbus A320,69000.0,275.0,high,7/29/2026,Wednesday
ARRIVAL,XY 440,Flynas,GIZ,Direct,JED,8:25,9:50,0,85,Airbus A320neo,63000.0,409.0,high,7/29/2026,Wednesday
ARRIVAL,XY 442,Flynas,GIZ,Direct,JED,21:35,23:00,0,85,Airbus A320neo,63000.0,409.0,high,7/29/2026,Wednesday
ARRIVAL,SV 1800,Saudia,GIZ,RUH,JED,2:45,7:45,80,300,Airbus A320,218000.0,513.0,high,7/29/2026,Wednesday
ARRIVAL,SV 1782,Saudia,GIZ,Direct,JED,4:45,6:10,0,85,Airbus A320,85000.0,632.0,high,7/29/2026,Wednesday
ARRIVAL,SV 1763,Saudia,GIZ,Direct,JED,6:30,7:55,0,85,Airbus A320,85000.0,632.0,high,7/29/2026,Wednesday
ARRIVAL,SV 1767,Saudia,GIZ,Direct,JED,11:55,13:20,0,85,Airbus A320,85000.0,632.0,high,7/29/2026,Wednesday
ARRIVAL,SV 1789,Saudia,GIZ,Direct,JED,14:15,15:40,0,85,Airbus A320,85000.0,632.0,high,7/29/2026,Wednesday
ARRIVAL,SV 1769,Saudia,GIZ,Direct,JED,17:55,19:20,0,85,Airbus A320,85000.0,632.0,high,7/29/2026,Wednesday
ARRIVAL,SV 1793,Saudia,GIZ,Direct,JED,21:15,22:40,0,85,Airbus A320,85000.0,632.0,high,7/29/2026,Wednesday
ARRIVAL,SV 1799,Saudia,GIZ,Direct,JED,23:00,0:25,0,85,Airbus A320,85000.0,632.0,high,7/29/2026,Wednesday
DEPARTURE,FZ 920,flydubai,JED,Direct,DXB,5:00,8:50,0,170,Boeing 737MAX 8 Passenger,145000.0,567.0,typical,4/24/2026,Friday
DEPARTURE,FZ 832,flydubai,JED,Direct,DXB,7:50,11:40,0,170,Boeing 737MAX 8 Passenger,134000.0,567.0,typical,4/24/2026,Friday
DEPARTURE,FZ 910,flydubai,JED,Direct,DXB,12:35,16:20,0,165,Boeing 737MAX 8 Passenger,134000.0,567.0,typical,4/24/2026,Friday
DEPARTURE,FZ 808,flydubai,JED,Direct,DXB,22:55,2:45,0,170,Boeing 737MAX 8 Passenger,145000.0,567.0,typical,4/24/2026,Friday
DEPARTURE,FZ 830,flydubai,JED,Direct,DXB,17:45,21:35,0,170,Boeing 737MAX 8 Passenger,145000.0,567.0,typical,4/24/2026,Friday
DEPARTURE,SV 588,Saudia,JED,Direct,DXB,12:10,16:00,0,170,Airbus A330,158000.0,751.0,typical,4/24/2026,Friday
DEPARTURE,EK 806,Emirates,JED,Direct,DXB,10:45,14:45,0,180,Boeing 777,154000.0,895.0,typical,4/24/2026,Friday
DEPARTURE,EK 804,Emirates,JED,Direct,DXB,20:10,0:10,0,180,Airbus A380,156000.0,895.0,typical,4/24/2026,Friday
ARRIVAL,SV 1582,Saudia,YNB,Direct,JED,18:55,20:00,0,65,Airbus A321,54000.0,431.0,typical,6/25/2026,Thursday
ARRIVAL,SV 1586,Saudia,YNB,RUH,JED,6:30,11:45,110,315,Airbus A321,194000.0,968.0,typical,6/25/2026,Thursday
ARRIVAL,SV 1584,Saudia,YNB,RUH,JED,20:40,2:45,160,365,Airbus A321,194000.0,968.0,typical,6/25/2026,Thursday
ARRIVAL,XY 734,Flynas,YNB,DMM,JED,15:05,3:55,335,770,Airbus A320neo,333000.0,2498.0,typical,6/25/2026,Thursday
ARRIVAL,EY 104,Etihad,MAD,AUH,JED,21:50,10:30,110,700,Boeing 787,453000.0,1353.0,high,7/27/2026,Monday
ARRIVAL,PC 1100,Pegasus,MAD,SAW,JED,14:30,1:10,105,580,Airbus A321,383000.0,1835.0,high,7/27/2026,Monday
ARRIVAL,TK 1360,Turkish Airlines,MAD,IST,JED,7:40,18:20,90,580,Boeing 737,477000.0,2280.0,high,7/27/2026,Monday
ARRIVAL,A3 701,Aegean,MAD,ATH,JED,13:00,2:35,1775,2195,Airbus A321neo,341000.0,1365.0,high,7/27/2026,Monday
ARRIVAL,EY 102,Etihad,MAD,AUH,JED,10:45,23:25,105,700,Boeing 787,501000.0,1552.0,high,7/27/2026,Monday
ARRIVAL,QR 148,Qatar Airways,MAD,DOH,JED,9:05,21:05,105,660,Boeing 787,394000.0,2140.0,high,7/27/2026,Monday
ARRIVAL,QR 152,Qatar Airways,MAD,DOH,JED,22:15,10:10,100,655,Boeing 787,410000.0,2140.0,high,7/27/2026,Monday
ARRIVAL,VF 606,AJet,MAD,ESB,JED,13:30,1:50,185,680,Boeing 737MAX 8 Passenger,365000.0,2144.0,high,7/27/2026,Monday
ARRIVAL,IB 391,Iberia,MAD,DOH,JED,15:45,10:10,465,1045,Airbus A330,518000.0,2145.0,high,7/27/2026,Monday
ARRIVAL,TK 1858,Turkish Airlines,MAD,IST,JED,12:00,0:30,200,690,Airbus A330,360000.0,2280.0,high,7/27/2026,Monday
ARRIVAL,IB 391,Iberia,MAD,DOH,JED,15:45,3:20,55,635,Airbus A330,518000.0,2975.0,high,7/27/2026,Monday
ARRIVAL,QR 150,Qatar Airways,MAD,DOH,JED,15:45,3:20,80,635,Boeing 787,410000.0,2975.0,high,7/27/2026,Monday
ARRIVAL,MS 754,EgyptAir,MAD,CAI,JED,15:30,2:40,190,610,Boeing 737,409000.0,3161.0,high,7/27/2026,Monday
ARRIVAL,TK 1860,Turkish Airlines,MAD,IST,JED,18:25,5:05,95,580,Airbus A321 (Sharklets),448000.0,3985.0,high,7/27/2026,Monday
ARRIVAL,AZ 59,ITA,MAD,FCO,JED,5:55,15:10,65,495,Airbus A320neo,502000.0,5240.0,high,7/27/2026,Monday
DEPARTURE,GF 184,Gulf Air,JED,BAH,MCT,16:40,23:10,110,330,Airbus A321neo,215000.0,793.0,high,9/11/2026,Friday
DEPARTURE,OV 286,SalamAir,JED,Direct,MCT,17:00,20:55,0,175,Airbus A321neo,135000.0,862.0,high,9/11/2026,Friday
DEPARTURE,WY 676,Oman Air,JED,Direct,MCT,18:00,22:15,0,195,Boeing 737,173000.0,885.0,high,9/11/2026,Friday
DEPARTURE,GF 174,Gulf Air,JED,BAH,MCT,21:30,4:35,125,365,Airbus A321,261000.0,793.0,high,9/11/2026,Friday
DEPARTURE,EY 602,Etihad,JED,AUH,MCT,3:10,10:40,150,390,Airbus A321,227000.0,865.0,high,9/11/2026,Friday
DEPARTURE,EY 616,Etihad,JED,AUH,MCT,15:20,22:00,100,340,Airbus A321,235000.0,865.0,high,9/11/2026,Friday
DEPARTURE,EY 612,Etihad,JED,AUH,MCT,19:00,3:15,195,435,Airbus A321,235000.0,865.0,high,9/11/2026,Friday
DEPARTURE,WY 674,Oman Air,JED,Direct,MCT,0:55,5:10,0,195,Boeing 737,173000.0,885.0,high,9/11/2026,Friday
DEPARTURE,WY 672,Oman Air,JED,Direct,MCT,5:35,9:50,0,195,Boeing 737,175000.0,885.0,high,9/11/2026,Friday
DEPARTURE,OV 284,SalamAir,JED,Direct,MCT,11:55,15:50,0,175,Airbus A321neo,145000.0,1275.0,high,9/11/2026,Friday
ARRIVAL,PC 948,Pegasus,ZRH,SAW,JED,11:35,1:10,360,755,Airbus A321,320000.0,1483.0,typical,7/20/2026,Monday
ARRIVAL,PC 950,Pegasus,ZRH,SAW,JED,16:00,1:10,95,490,Airbus A321,320000.0,1728.0,typical,7/20/2026,Monday
ARRIVAL,VF 54,AJet,ZRH,SAW,JED,11:30,2:05,405,815,Boeing 737,334000.0,1746.0,typical,7/20/2026,Monday
ARRIVAL,EY 140,Etihad,ZRH,AUH,JED,16:15,3:55,100,640,Airbus A321neo,565000.0,2113.0,typical,7/20/2026,Monday
ARRIVAL,TK 1912,Turkish Airlines,ZRH,IST,JED,7:40,12:30,265,1670,Airbus A320,513000.0,1830.0,typical,7/20/2026,Monday
ARRIVAL,EY 142,Etihad,ZRH,AUH,JED,22:35,10:30,110,655,Airbus A321neo,565000.0,2133.0,typical,7/20/2026,Monday
ARRIVAL,SM 2921,Air Cairo,ZRH,HRG,JED,8:55,21:15,100,680,Airbus A320,409000.0,2521.0,typical,7/20/2026,Monday
ARRIVAL,MS 774,EgyptAir,ZRH,CAI,JED,14:55,23:30,95,455,Airbus A320neo,354000.0,3323.0,typical,7/20/2026,Monday
ARRIVAL,SV 234,Saudia,ZRH,RUH,JED,16:00,2:45,120,585,Airbus A320,585000.0,3669.0,typical,7/20/2026,Monday
ARRIVAL,LX 238,SWISS,ZRH,CAI,JED,12:15,22:00,155,525,Airbus A220-300 Passenger,377000.0,3755.0,typical,7/20/2026,Monday
ARRIVAL,TK 1914,Turkish Airlines,ZRH,IST,JED,15:10,0:30,85,500,Boeing 737,365000.0,5349.0,typical,7/20/2026,Monday
DEPARTURE,QR 1183,Qatar Airways,JED,DOH,ORD,3:10,16:50,240,1300,Airbus A350,772000.0,2356.0,typical,6/15/2026,Monday
DEPARTURE,EY 602,Etihad,JED,AUH,ORD,3:10,15:40,185,1230,Airbus A321,745000.0,2712.0,typical,6/15/2026,Monday
DEPARTURE,SV 21,Saudia,JED,JFK,ORD,8:50,21:48,290,1258,Boeing 777,874000.0,3069.0,typical,6/15/2026,Monday
DEPARTURE,QR 1189,Qatar Airways,JED,DOH,ORD,20:20,15:05,550,1605,Boeing 777,910000.0,2356.0,typical,6/15/2026,Monday
DEPARTURE,EY 612,Etihad,JED,AUH,ORD,19:00,15:40,675,1720,Airbus A320,743000.0,2712.0,typical,6/15/2026,Monday
DEPARTURE,EY 612,Etihad,JED,AUH,ORD,19:00,8:35,250,1295,Airbus A320,743000.0,2806.0,typical,6/15/2026,Monday
DEPARTURE,SV 1052,Saudia,JED,RUH,ORD,23:00,21:48,165,1848,Boeing 787,965000.0,3004.0,typical,6/15/2026,Monday
DEPARTURE,EK 802,Emirates,JED,DXB,ORD,4:05,15:45,120,1180,Airbus A380,958000.0,3351.0,typical,6/15/2026,Monday
DEPARTURE,TK 97,Turkish Airlines,JED,IST,ORD,6:25,19:55,215,1290,Airbus A330,802000.0,3395.0,typical,6/15/2026,Monday
DEPARTURE,RJ 707,Royal Jordanian,JED,AMM,ORD,20:55,6:50,185,1075,Boeing 787,558000.0,4835.0,typical,6/15/2026,Monday
DEPARTURE,SV 21,Saudia,JED,JFK,ORD,8:50,21:30,285,1240,Boeing 777,853000.0,4963.0,typical,6/15/2026,Monday
DEPARTURE,TK 95,Turkish Airlines,JED,IST,ORD,1:40,9:40,60,960,Airbus A330,588000.0,5164.0,typical,6/15/2026,Monday
DEPARTURE,EY 602,Etihad,JED,AUH,ICN,3:10,22:05,100,775,Airbus A321,559000.0,1601.0,typical,9/2/2026,Wednesday
DEPARTURE,GA 983,Garuda Indonesia,JED,CGK,ICN,23:45,8:30,550,1605,Boeing 777,885000.0,1608.0,typical,9/2/2026,Wednesday
DEPARTURE,QR 1189,Qatar Airways,JED,DOH,ICN,22:35,17:05,85,750,Boeing 787,539000.0,1675.0,typical,9/2/2026,Wednesday
DEPARTURE,EY 616,Etihad,JED,AUH,ICN,15:20,10:50,125,810,Airbus A321,552000.0,1601.0,typical,9/2/2026,Wednesday
DEPARTURE,EY 612,Etihad,JED,AUH,ICN,19:00,10:50,1345,2030,Airbus A321,552000.0,1601.0,typical,9/2/2026,Wednesday
DEPARTURE,GF 172,Gulf Air,JED,BAH,ICN,13:30,4:50,295,2000,Airbus A321neo,778000.0,1877.0,typical,9/2/2026,Wednesday
DEPARTURE,AI 2256,Air India,JED,DEL,ICN,21:50,10:40,1075,1850,Airbus A320neo,717000.0,1940.0,typical,9/2/2026,Wednesday
DEPARTURE,SV 570,Saudia,JED,AUH,ICN,11:40,10:50,345,1030,Airbus A320,563000.0,2351.0,typical,9/2/2026,Wednesday
DEPARTURE,XY 517,Flynas,JED,AUH,ICN,12:55,10:50,265,955,Airbus A320neo,517000.0,2351.0,typical,9/2/2026,Wednesday
DEPARTURE,SV 882,Saudia,JED,CAN,ICN,1:05,21:50,115,885,Boeing 787,609000.0,5417.0,typical,9/2/2026,Wednesday
DEPARTURE,SV 550,Saudia,JED,DXB,ICN,15:35,10:45,85,790,Airbus A321,592000.0,7048.0,typical,9/2/2026,Wednesday
DEPARTURE,F3 130,flyadeal,JED,Direct,RUH,17:40,19:15,0,95,Airbus A320,85000.0,365.0,typical,6/5/2026,Friday
DEPARTURE,XY 20,Flynas,JED,Direct,RUH,10:40,12:25,0,105,Airbus A320neo,77000.0,369.0,typical,6/5/2026,Friday
DEPARTURE,SV 1038,Saudia,JED,Direct,RUH,16:00,17:45,0,105,Boeing 777,96000.0,424.0,typical,6/5/2026,Friday
DEPARTURE,F3 162,flyadeal,JED,Direct,RUH,2:50,4:25,0,95,Airbus A320,85000.0,345.0,typical,6/5/2026,Friday
DEPARTURE,F3 160,flyadeal,JED,Direct,RUH,3:35,5:15,0,100,Airbus A320,85000.0,345.0,typical,6/5/2026,Friday
DEPARTURE,F3 110,flyadeal,JED,Direct,RUH,5:00,6:40,0,100,Airbus A320,85000.0,345.0,typical,6/5/2026,Friday
DEPARTURE,F3 112,flyadeal,JED,Direct,RUH,6:10,7:45,0,95,Airbus A320,85000.0,365.0,typical,6/5/2026,Friday
DEPARTURE,F3 102,flyadeal,JED,Direct,RUH,7:30,9:10,0,100,Airbus A320,85000.0,365.0,typical,6/5/2026,Friday
DEPARTURE,F3 104,flyadeal,JED,Direct,RUH,8:30,10:10,0,100,Airbus A320,85000.0,365.0,typical,6/5/2026,Friday
DEPARTURE,F3 106,flyadeal,JED,Direct,RUH,9:35,11:20,0,105,Airbus A320,85000.0,365.0,typical,6/5/2026,Friday
DEPARTURE,F3 126,flyadeal,JED,Direct,RUH,17:20,19:00,0,100,Airbus A320,85000.0,365.0,typical,6/5/2026,Friday
DEPARTURE,F3 148,flyadeal,JED,Direct,RUH,18:05,19:45,0,100,Airbus A320,85000.0,365.0,typical,6/5/2026,Friday
DEPARTURE,F3 132,flyadeal,JED,Direct,RUH,19:05,20:45,0,100,Airbus A320,85000.0,365.0,typical,6/5/2026,Friday
DEPARTURE,F3 134,flyadeal,JED,Direct,RUH,19:25,21:00,0,95,Airbus A320,85000.0,365.0,typical,6/5/2026,Friday
DEPARTURE,F3 154,flyadeal,JED,Direct,RUH,20:25,22:05,0,100,Airbus A320,85000.0,365.0,typical,6/5/2026,Friday
DEPARTURE,F3 140,flyadeal,JED,Direct,RUH,21:15,22:55,0,100,Airbus A320,85000.0,365.0,typical,6/5/2026,Friday
DEPARTURE,F3 144,flyadeal,JED,Direct,RUH,22:15,23:55,0,100,Airbus A320,85000.0,365.0,typical,6/5/2026,Friday
DEPARTURE,XY 14,Flynas,JED,Direct,RUH,6:10,7:55,0,105,Airbus A320neo,77000.0,369.0,typical,6/5/2026,Friday
DEPARTURE,XY 64,Flynas,JED,Direct,RUH,6:40,8:25,0,105,Airbus A320neo,77000.0,369.0,typical,6/5/2026,Friday
DEPARTURE,XY 18,Flynas,JED,Direct,RUH,7:20,9:05,0,105,Airbus A320neo,77000.0,369.0,typical,6/5/2026,Friday
DEPARTURE,XY 4,Flynas,JED,Direct,RUH,8:05,9:50,0,105,Airbus A320neo,77000.0,369.0,typical,6/5/2026,Friday
DEPARTURE,XY 6,Flynas,JED,Direct,RUH,9:10,10:55,0,105,Airbus A320neo,77000.0,369.0,typical,6/5/2026,Friday
DEPARTURE,XY 62,Flynas,JED,Direct,RUH,21:50,23:35,0,105,Airbus A320neo,77000.0,369.0,typical,6/5/2026,Friday
DEPARTURE,F3 158,flyadeal,JED,Direct,RUH,0:55,2:30,0,95,Airbus A320,85000.0,395.0,typical,6/5/2026,Friday
DEPARTURE,F3 156,flyadeal,JED,Direct,RUH,2:15,4:00,0,105,Airbus A320,85000.0,395.0,typical,6/5/2026,Friday
DEPARTURE,F3 116,flyadeal,JED,Direct,RUH,12:25,14:05,0,100,Airbus A320,85000.0,395.0,typical,6/5/2026,Friday
DEPARTURE,F3 114,flyadeal,JED,Direct,RUH,13:05,14:40,0,95,Airbus A320,85000.0,395.0,typical,6/5/2026,Friday
DEPARTURE,F3 120,flyadeal,JED,Direct,RUH,13:55,15:35,0,100,Airbus A320,85000.0,395.0,typical,6/5/2026,Friday
DEPARTURE,F3 118,flyadeal,JED,Direct,RUH,14:35,16:10,0,95,Airbus A320,85000.0,395.0,typical,6/5/2026,Friday
DEPARTURE,F3 138,flyadeal,JED,Direct,RUH,15:30,17:10,0,100,Airbus A320,85000.0,395.0,typical,6/5/2026,Friday
DEPARTURE,F3 122,flyadeal,JED,Direct,RUH,16:10,17:55,0,105,Airbus A320,85000.0,395.0,typical,6/5/2026,Friday
DEPARTURE,XY 58,Flynas,JED,Direct,RUH,1:40,3:25,0,105,Airbus A320neo,77000.0,399.0,typical,6/5/2026,Friday
DEPARTURE,XY 22,Flynas,JED,Direct,RUH,12:35,14:20,0,105,Airbus A320neo,77000.0,399.0,typical,6/5/2026,Friday
DEPARTURE,XY 36,Flynas,JED,Direct,RUH,14:10,15:55,0,105,Airbus A320neo,77000.0,399.0,typical,6/5/2026,Friday
DEPARTURE,XY 60,Flynas,JED,Direct,RUH,16:30,18:15,0,105,Airbus A320neo,77000.0,399.0,typical,6/5/2026,Friday
DEPARTURE,XY 46,Flynas,JED,Direct,RUH,17:50,19:35,0,105,Airbus A320neo,77000.0,399.0,typical,6/5/2026,Friday
DEPARTURE,XY 38,Flynas,JED,Direct,RUH,20:25,22:10,0,105,Airbus A320neo,77000.0,399.0,typical,6/5/2026,Friday
DEPARTURE,XY 54,Flynas,JED,Direct,RUH,23:59,1:44,0,105,Airbus A320neo,77000.0,399.0,typical,6/5/2026,Friday
DEPARTURE,SV 1056,Saudia,JED,Direct,RUH,1:00,2:45,0,105,Airbus A321,100000.0,424.0,typical,6/5/2026,Friday
DEPARTURE,SV 1096,Saudia,JED,Direct,RUH,2:00,3:45,0,105,Airbus A320,105000.0,424.0,typical,6/5/2026,Friday
DEPARTURE,XY 511,Flynas,JED,Direct,DOH,16:00,18:30,0,150,Airbus A320neo,108000.0,530.0,typical,8/1/2026,Saturday
DEPARTURE,XY 20,Flynas,JED,RUH,DOH,10:40,17:05,195,385,Airbus A320neo,133000.0,575.0,typical,8/1/2026,Saturday
DEPARTURE,SV 546,Saudia,JED,Direct,DOH,12:35,15:00,0,145,Airbus A320,147000.0,635.0,typical,8/1/2026,Saturday
DEPARTURE,GF 182,Gulf Air,JED,BAH,DOH,6:00,10:25,80,265,Airbus A321,186000.0,691.0,typical,8/1/2026,Saturday
DEPARTURE,GF 172,Gulf Air,JED,BAH,DOH,13:30,18:15,90,285,Airbus A321,200000.0,691.0,typical,8/1/2026,Saturday
DEPARTURE,J9 204,Jazeera,JED,KWI,DOH,9:10,14:15,95,305,Airbus A320,189000.0,717.0,typical,8/1/2026,Saturday
DEPARTURE,QR 1183,Qatar Airways,JED,Direct,DOH,3:10,5:30,0,140,Boeing 787,88000.0,1506.0,typical,8/1/2026,Saturday
DEPARTURE,QR 1185,Qatar Airways,JED,Direct,DOH,4:50,7:10,0,140,Boeing 787,88000.0,1506.0,typical,8/1/2026,Saturday
DEPARTURE,QR 1191,Qatar Airways,JED,Direct,DOH,11:40,14:00,0,140,Boeing 787,88000.0,1506.0,typical,8/1/2026,Saturday
DEPARTURE,QR 1187,Qatar Airways,JED,Direct,DOH,19:50,22:10,0,140,Boeing 787,88000.0,1506.0,typical,8/1/2026,Saturday
DEPARTURE,QR 1189,Qatar Airways,JED,Direct,DOH,22:35,0:55,0,140,Boeing 787,88000.0,1666.0,typical,8/1/2026,Saturday
DEPARTURE,EY 602,Etihad,JED,AUH,BKK,3:10,18:10,100,660,Airbus A320,560000.0,1118.0,high,5/26/2026,Tuesday
DEPARTURE,EY 616,Etihad,JED,AUH,BKK,15:20,6:45,125,685,Airbus A321,479000.0,1118.0,high,5/26/2026,Tuesday
DEPARTURE,EY 612,Etihad,JED,AUH,BKK,19:00,18:10,590,1150,Airbus A321neo,444000.0,1118.0,high,5/26/2026,Tuesday
DEPARTURE,QR 1189,Qatar Airways,JED,DOH,BKK,22:35,13:45,115,670,Boeing 777,514000.0,1332.0,high,5/26/2026,Tuesday
DEPARTURE,WY 676,Oman Air,JED,MCT,BKK,18:00,17:45,625,1185,Boeing 737,472000.0,1357.0,high,5/26/2026,Tuesday
DEPARTURE,G9 148,Air Arabia,JED,SHJ,BKK,16:30,10:20,285,830,Airbus A321,498000.0,1472.0,high,5/26/2026,Tuesday
DEPARTURE,G9 148,Air Arabia,JED,SHJ,BKK,16:30,7:50,135,680,Airbus A321,562000.0,1489.0,high,5/26/2026,Tuesday
DEPARTURE,GF 184,Gulf Air,JED,BAH,BKK,16:40,9:45,245,785,Airbus A320neo,458000.0,1509.0,high,5/26/2026,Tuesday
DEPARTURE,AI 2252,Air India,JED,BOM,BKK,21:50,13:35,100,705,Airbus A320neo,494000.0,1530.0,high,5/26/2026,Tuesday
DEPARTURE,EK 802,Emirates,JED,DXB,BKK,4:05,18:20,65,615,Airbus A380,515000.0,1865.0,high,5/26/2026,Tuesday
DEPARTURE,QR 1183,Qatar Airways,JED,DOH,LAX,3:10,14:00,150,1250,Boeing 787,1001000.0,2919.0,typical,6/21/2026,Sunday
DEPARTURE,QR 1189,Qatar Airways,JED,DOH,LAX,22:35,14:00,425,1525,Boeing 777,1006000.0,2919.0,typical,6/21/2026,Sunday
DEPARTURE,MS 670,EgyptAir,JED,CAI,LAX,23:00,13:20,440,1460,Boeing 737,964000.0,3165.0,typical,6/21/2026,Sunday
DEPARTURE,SV 1050,Saudia,JED,RUH,LAX,22:00,13:20,135,1520,Airbus A330,980000.0,3512.0,typical,6/21/2026,Sunday
DEPARTURE,EK 802,Emirates,JED,DXB,LAX,4:05,14:15,60,1210,Airbus A380,1253000.0,4108.0,typical,6/21/2026,Sunday
DEPARTURE,SV 127,Saudia,JED,CDG,LAX,8:50,21:25,130,1355,Boeing 787,742000.0,3963.0,typical,6/21/2026,Sunday
DEPARTURE,EK 804,Emirates,JED,DXB,LAX,20:10,14:15,525,1685,Airbus A380,1258000.0,4108.0,typical,6/21/2026,Sunday
DEPARTURE,SV 21,Saudia,JED,JFK,LAX,8:50,23:56,345,1506,Boeing 777,1256000.0,4652.0,typical,6/21/2026,Sunday
DEPARTURE,MS 644,EgyptAir,JED,CAI,LAX,0:30,13:10,120,1360,Boeing 737,901000.0,4917.0,typical,6/21/2026,Sunday
DEPARTURE,SV 127,Saudia,JED,CDG,LAX,8:50,18:35,125,1185,Boeing 787,743000.0,6535.0,typical,6/21/2026,Sunday
DEPARTURE,SV 119,Saudia,JED,LHR,LAX,8:10,17:45,110,1175,Boeing 787,704000.0,7128.0,typical,6/21/2026,Sunday
DEPARTURE,TK 95,Turkish Airlines,JED,IST,LAX,1:30,11:40,160,1210,Airbus A321neo,695000.0,7211.0,typical,6/21/2026,Sunday
DEPARTURE,EY 602,Etihad,JED,AUH,LHR,3:10,12:45,75,695,Airbus A321neo,451000.0,862.0,typical,5/17/2026,Sunday
DEPARTURE,EY 604,Etihad,JED,AUH,LHR,5:30,15:05,75,695,Airbus A321,521000.0,862.0,typical,5/17/2026,Sunday
DEPARTURE,A3 951,Aegean,JED,ATH,LHR,3:30,11:15,125,585,Airbus A320neo,342000.0,1043.0,typical,5/17/2026,Sunday
DEPARTURE,EY 612,Etihad,JED,AUH,LHR,19:00,12:45,565,1185,Airbus A321neo,451000.0,862.0,typical,5/17/2026,Sunday
DEPARTURE,EY 612,Etihad,JED,AUH,LHR,19:00,7:00,215,840,Airbus A321neo,540000.0,1063.0,typical,5/17/2026,Sunday
DEPARTURE,QR 1183,Qatar Airways,JED,DOH,LHR,3:10,14:10,130,780,Airbus A350,435000.0,1118.0,typical,5/17/2026,Sunday
DEPARTURE,MS 666,EgyptAir,JED,CAI,LHR,6:15,13:35,125,560,Boeing 737,379000.0,1280.0,typical,5/17/2026,Sunday
DEPARTURE,SV 119,Saudia,JED,Direct,LHR,8:10,12:40,0,390,Boeing 787,262000.0,2360.0,typical,5/17/2026,Sunday
DEPARTURE,SV 117,Saudia,JED,Direct,LHR,16:00,20:30,0,390,Boeing 787,304000.0,2360.0,typical,5/17/2026,Sunday
DEPARTURE,SV 215,Saudia,JED,AMS,LHR,9:00,16:15,120,555,Boeing 787,346000.0,3358.0,typical,5/17/2026,Sunday
ARRIVAL,SV 1910,Saudia,TIF,RUH,JED,1:40,6:45,105,305,Airbus A321,197000.0,447.0,high,7/9/2026,Thursday
ARRIVAL,SV 1902,Saudia,TIF,RUH,JED,7:35,12:45,110,310,Airbus A321,201000.0,447.0,high,7/9/2026,Thursday
ARRIVAL,XY 126,Flynas,TIF,RUH,JED,9:25,14:10,80,285,Airbus A320neo,147000.0,649.0,high,7/9/2026,Thursday
ARRIVAL,SV 1900,Saudia,TIF,RUH,JED,12:20,18:45,185,385,Airbus A321,188000.0,447.0,high,7/9/2026,Thursday
ARRIVAL,SV 1914,Saudia,TIF,RUH,JED,16:50,21:45,95,295,Airbus A321,174000.0,447.0,high,7/9/2026,Thursday
ARRIVAL,SV 1904,Saudia,TIF,RUH,JED,21:35,2:45,110,310,Airbus A321,189000.0,447.0,high,7/9/2026,Thursday
ARRIVAL,SV 1900,Saudia,TIF,RUH,JED,12:20,17:45,125,325,Airbus A321,198000.0,543.0,high,7/9/2026,Thursday
ARRIVAL,NP 102,Nile Air,TIF,CAI,JED,23:00,15:00,690,960,Airbus A320,232000.0,1194.0,high,7/9/2026,Thursday
ARRIVAL,WY 700,Oman Air,TIF,MCT,JED,16:40,0:05,55,445,Boeing 737,350000.0,1281.0,high,7/9/2026,Thursday
ARRIVAL,XY 126,Flynas,TIF,RUH,JED,9:25,23:25,350,840,Airbus A320neo,338000.0,2149.0,high,7/9/2026,Thursday
ARRIVAL,XY 128,Flynas,TIF,RUH,JED,23:25,10:30,200,665,Airbus A320neo,333000.0,2308.0,high,7/9/2026,Thursday
ARRIVAL,OV 283,SalamAir,MCT,Direct,JED,8:30,11:00,0,210,Airbus A321neo,143000.0,684.0,typical,5/8/2026,Friday
ARRIVAL,OV 285,SalamAir,MCT,Direct,JED,13:30,16:00,0,210,Airbus A320,167000.0,684.0,typical,5/8/2026,Friday
ARRIVAL,WY 673,Oman Air,MCT,Direct,JED,21:45,0:05,0,200,Boeing 737,172000.0,850.0,typical,5/8/2026,Friday
ARRIVAL,EY 697,Etihad,MCT,AUH,JED,23:50,3:55,65,305,Airbus A320,231000.0,654.0,typical,5/8/2026,Friday
ARRIVAL,GF 567,Gulf Air,MCT,BAH,JED,23:55,3:55,60,300,Airbus A320,222000.0,858.0,typical,5/8/2026,Friday
ARRIVAL,EK 867,Emirates,MCT,DXB,JED,4:40,8:45,60,305,Airbus A350,195000.0,1002.0,typical,5/8/2026,Friday
ARRIVAL,EY 695,Etihad,MCT,AUH,JED,17:50,23:25,145,395,Airbus A320,188000.0,1103.0,typical,5/8/2026,Friday
ARRIVAL,FZ 44,flydubai,MCT,DXB,JED,16:50,21:55,85,365,Boeing 737,183000.0,1829.0,typical,5/8/2026,Friday
DEPARTURE,QR 1183,Qatar Airways,JED,Direct,DOH,4:05,6:35,0,150,Boeing 777,106000.0,756.0,typical,4/24/2026,Friday
DEPARTURE,QR 1191,Qatar Airways,JED,Direct,DOH,14:25,16:55,0,150,Airbus A350,116000.0,851.0,typical,4/24/2026,Friday
DEPARTURE,QR 1189,Qatar Airways,JED,Direct,DOH,20:20,22:50,0,150,Boeing 777,116000.0,851.0,typical,4/24/2026,Friday
DEPARTURE,WY 674,Oman Air,JED,MCT,DOH,0:55,7:30,70,395,Boeing 737,566000.0,5368.0,typical,4/24/2026,Friday
DEPARTURE,WY 672,Oman Air,JED,MCT,DOH,5:35,14:00,180,505,Boeing 737,564000.0,5368.0,typical,4/24/2026,Friday
DEPARTURE,XY 447,Flynas,JED,Direct,TUU,8:05,9:35,0,90,Airbus A320neo,71000.0,299.0,high,7/5/2026,Sunday
DEPARTURE,XY 449,Flynas,JED,Direct,TUU,18:30,20:00,0,90,Airbus A320neo,71000.0,299.0,high,7/5/2026,Sunday
DEPARTURE,F3 385,flyadeal,JED,Direct,TUU,10:25,11:55,0,90,Airbus A320,77000.0,305.0,high,7/5/2026,Sunday
DEPARTURE,SV 1545,Saudia,JED,Direct,TUU,19:20,20:50,0,90,Airbus A330,77000.0,393.0,high,7/5/2026,Sunday
DEPARTURE,F3 391,flyadeal,JED,Direct,TUU,20:05,21:35,0,90,Airbus A320,77000.0,305.0,high,7/5/2026,Sunday
DEPARTURE,F3 393,flyadeal,JED,Direct,TUU,20:45,22:20,0,95,Airbus A320,77000.0,305.0,high,7/5/2026,Sunday
DEPARTURE,SV 1547,Saudia,JED,Direct,TUU,2:00,3:30,0,90,Airbus A320,96000.0,482.0,high,7/5/2026,Sunday
DEPARTURE,SV 1541,Saudia,JED,Direct,TUU,9:00,10:30,0,90,Airbus A320,96000.0,482.0,high,7/5/2026,Sunday
DEPARTURE,SV 1543,Saudia,JED,Direct,TUU,16:15,17:45,0,90,Airbus A321,103000.0,482.0,high,7/5/2026,Sunday
ARRIVAL,TR 883,Scoot,HND,SIN,JED,2:20,20:20,465,1440,Boeing 787,725000.0,2000.0,high,5/11/2026,Monday
ARRIVAL,SQ 631,Singapore Airlines,HND,SIN,JED,8:55,20:20,65,1045,Boeing 777,876000.0,2476.0,high,5/11/2026,Monday
ARRIVAL,JL 229,JAL,HND,KIX,JED,20:40,17:10,175,1590,Boeing 737,898000.0,2507.0,high,5/11/2026,Monday
ARRIVAL,EK 313,Emirates,HND,DXB,JED,0:05,17:45,560,1420,Boeing 777,761000.0,3561.0,high,5/11/2026,Monday
ARRIVAL,NH 95,ANA,HND,KIX,JED,18:25,12:10,140,1425,Airbus A320,906000.0,4698.0,high,5/11/2026,Monday
ARRIVAL,JL 229,JAL,HND,KIX,JED,20:40,8:45,105,1085,Boeing 737,776000.0,4725.0,high,5/11/2026,Monday
ARRIVAL,TK 199,Turkish Airlines,HND,IST,JED,21:45,12:10,195,1225,Boeing 777,832000.0,4966.0,high,5/11/2026,Monday
ARRIVAL,NH 99,ANA,HND,KIX,JED,21:00,8:45,85,1065,Airbus A320,791000.0,5891.0,high,5/11/2026,Monday
ARRIVAL,EK 313,Emirates,HND,DXB,JED,0:05,11:35,170,1050,Boeing 777,740000.0,8077.0,high,5/11/2026,Monday
ARRIVAL,PR 421,Philippine Airlines,HND,MNL,JED,14:55,5:05,280,1210,Airbus A321,2333000.0,10967.0,high,5/11/2026,Monday
ARRIVAL,SV 1910,Saudia,TIF,RUH,JED,1:40,6:45,105,305,Airbus A320,185000.0,447.0,high,7/3/2026,Friday
ARRIVAL,SV 1902,Saudia,TIF,RUH,JED,7:35,12:45,110,310,Airbus A321,206000.0,447.0,high,7/3/2026,Friday
ARRIVAL,XY 126,Flynas,TIF,RUH,JED,9:25,14:10,80,285,Airbus A320neo,147000.0,649.0,high,7/3/2026,Friday
ARRIVAL,SV 1900,Saudia,TIF,RUH,JED,12:20,17:45,125,325,Airbus A321,192000.0,447.0,high,7/3/2026,Friday
ARRIVAL,SV 1914,Saudia,TIF,RUH,JED,16:50,21:45,95,295,Airbus A321,183000.0,447.0,high,7/3/2026,Friday
ARRIVAL,SV 1904,Saudia,TIF,RUH,JED,21:35,2:45,110,310,Airbus A321,201000.0,447.0,high,7/3/2026,Friday
ARRIVAL,XY 128,Flynas,TIF,RUH,JED,23:25,7:20,270,475,Airbus A320neo,147000.0,649.0,high,7/3/2026,Friday
ARRIVAL,MS 816,EgyptAir,TIF,CAI,JED,2:25,10:30,225,485,Boeing 737,260000.0,1894.0,high,7/3/2026,Friday
ARRIVAL,XY 128,Flynas,TIF,RUH,JED,23:25,10:30,200,665,Airbus A320neo,333000.0,2123.0,high,7/3/2026,Friday
ARRIVAL,SV 1904,Saudia,TIF,RUH,JED,21:35,21:55,155,1460,Airbus A321,811000.0,4332.0,high,7/3/2026,Friday
DEPARTURE,AT 255,Royal Air Maroc,JED,CMN,LAX,15:30,8:20,450,1610,Boeing 787,962000.0,3151.0,typical,7/25/2026,Saturday
DEPARTURE,MS 670,EgyptAir,JED,CAI,LAX,23:00,13:20,1880,2900,Boeing 737,948000.0,2730.0,typical,7/25/2026,Saturday
DEPARTURE,MS 664,EgyptAir,JED,CAI,LAX,3:40,13:20,160,1180,Airbus A330,931000.0,3650.0,typical,7/25/2026,Saturday
DEPARTURE,EK 802,Emirates,JED,DXB,LAX,4:05,14:15,60,1210,Airbus A380,1200000.0,4195.0,typical,7/25/2026,Saturday
DEPARTURE,EK 804,Emirates,JED,DXB,LAX,20:10,14:15,525,1685,Airbus A380,1206000.0,4195.0,typical,7/25/2026,Saturday
DEPARTURE,FZ 808,flydubai,JED,DXB,LAX,22:55,14:15,360,1520,Boeing 737MAX 8 Passenger,1188000.0,4195.0,typical,7/25/2026,Saturday
DEPARTURE,SV 41,Saudia,JED,Direct,LAX,9:55,16:05,0,970,Boeing 777,1036000.0,4942.0,typical,7/25/2026,Saturday
DEPARTURE,GF 174,Gulf Air,JED,BAH,JFK,21:30,10:00,195,1170,Airbus A321,727000.0,1698.0,low,8/15/2026,Saturday
DEPARTURE,TK 95,Turkish Airlines,JED,IST,JFK,1:30,10:55,120,985,Airbus A321neo,632000.0,2645.0,low,8/15/2026,Saturday
DEPARTURE,TK 97,Turkish Airlines,JED,IST,JFK,6:05,17:55,255,1130,Airbus A321neo,632000.0,2645.0,low,8/15/2026,Saturday
DEPARTURE,TK 127,Turkish Airlines,JED,IST,JFK,19:20,4:35,95,975,Boeing 737MAX 8 Passenger,544000.0,2645.0,low,8/15/2026,Saturday
DEPARTURE,EK 804,Emirates,JED,DXB,JFK,20:10,8:50,160,1180,Airbus A380,935000.0,2800.0,low,8/15/2026,Saturday
DEPARTURE,SV 21,Saudia,JED,Direct,JFK,8:50,14:45,0,775,Boeing 777,707000.0,4317.0,low,8/15/2026,Saturday
DEPARTURE,SV 131,Saudia,JED,CDG,JFK,1:20,10:40,125,980,Boeing 787,602000.0,10526.0,low,8/15/2026,Saturday
DEPARTURE,XY 447,Flynas,JED,Direct,TUU,8:05,9:35,0,90,Airbus A320neo,71000.0,299.0,high,8/6/2026,Thursday
DEPARTURE,F3 385,flyadeal,JED,Direct,TUU,10:25,11:55,0,90,Airbus A320,77000.0,325.0,high,8/6/2026,Thursday
DEPARTURE,SV 1543,Saudia,JED,Direct,TUU,16:15,17:45,0,90,Airbus A320,96000.0,393.0,high,8/6/2026,Thursday
DEPARTURE,XY 449,Flynas,JED,Direct,TUU,18:30,20:00,0,90,Airbus A320neo,71000.0,299.0,high,8/6/2026,Thursday
DEPARTURE,F3 391,flyadeal,JED,Direct,TUU,20:05,21:35,0,90,Airbus A320,77000.0,325.0,high,8/6/2026,Thursday
DEPARTURE,F3 393,flyadeal,JED,Direct,TUU,20:45,22:20,0,95,Airbus A320,77000.0,325.0,high,8/6/2026,Thursday
DEPARTURE,SV 1547,Saudia,JED,Direct,TUU,2:00,3:30,0,90,Airbus A321,103000.0,393.0,high,8/6/2026,Thursday
DEPARTURE,SV 1541,Saudia,JED,Direct,TUU,9:00,10:30,0,90,Airbus A321,103000.0,393.0,high,8/6/2026,Thursday
DEPARTURE,SV 1545,Saudia,JED,Direct,TUU,19:20,20:50,0,90,Airbus A330,77000.0,393.0,high,8/6/2026,Thursday
ARRIVAL,GF 212,Gulf Air,KWI,BAH,JED,7:00,12:30,110,330,Airbus A320neo,164000.0,595.0,high,8/18/2026,Tuesday
ARRIVAL,SV 505,Saudia,KWI,Direct,JED,12:15,14:40,0,145,Airbus A320,141000.0,657.0,high,8/18/2026,Tuesday
ARRIVAL,J9 211,Jazeera,KWI,Direct,JED,11:15,13:35,0,140,Airbus A320,122000.0,665.0,high,8/18/2026,Tuesday
ARRIVAL,SV 511,Saudia,KWI,RUH,JED,18:25,23:45,135,320,Airbus A320,182000.0,590.0,high,8/18/2026,Tuesday
ARRIVAL,GF 220,Gulf Air,KWI,BAH,JED,22:50,3:55,95,305,Airbus A320neo,179000.0,595.0,high,8/18/2026,Tuesday
ARRIVAL,EY 656,Etihad,KWI,AUH,JED,16:15,3:55,430,700,Airbus A320,273000.0,641.0,high,8/18/2026,Tuesday
ARRIVAL,SV 501,Saudia,KWI,Direct,JED,17:10,19:35,0,145,Airbus A320,141000.0,657.0,high,8/18/2026,Tuesday
ARRIVAL,J9 213,Jazeera,KWI,Direct,JED,12:20,14:40,0,140,Airbus A320neo,104000.0,665.0,high,8/18/2026,Tuesday
ARRIVAL,KU 787,Kuwait Airways,KWI,Direct,JED,8:40,11:10,0,150,Boeing 777,123000.0,883.0,high,8/18/2026,Tuesday
ARRIVAL,KU 785,Kuwait Airways,KWI,Direct,JED,16:10,18:40,0,150,Boeing 777,123000.0,942.0,high,8/18/2026,Tuesday
ARRIVAL,KU 783,Kuwait Airways,KWI,Direct,JED,23:10,1:40,0,150,Airbus A321neo,123000.0,942.0,high,8/18/2026,Tuesday
ARRIVAL,AI 315,Air India,HKG,DEL,JED,8:20,20:50,340,1050,Boeing 787,596000.0,1658.0,typical,8/27/2026,Thursday
ARRIVAL,QR 817,Qatar Airways,HKG,DOH,JED,19:40,3:20,120,760,Boeing 777,577000.0,2225.0,typical,8/27/2026,Thursday
ARRIVAL,HU 780,Hainan,HKG,HAK,JED,20:50,8:10,1760,2420,Boeing 737,545000.0,1626.0,typical,8/27/2026,Thursday
ARRIVAL,EY 871,Etihad,HKG,AUH,JED,20:10,16:10,830,1500,Boeing 787,520000.0,2202.0,typical,8/27/2026,Thursday
ARRIVAL,QR 815,Qatar Airways,HKG,DOH,JED,1:25,10:10,185,825,Boeing 777,593000.0,2225.0,typical,8/27/2026,Thursday
ARRIVAL,CX 705,Cathay Pacific,HKG,BKK,JED,8:00,0:05,260,1265,Airbus A330,692000.0,2238.0,typical,8/27/2026,Thursday
ARRIVAL,EY 871,Etihad,HKG,AUH,JED,20:10,3:55,100,765,Boeing 787,520000.0,2503.0,typical,8/27/2026,Thursday
ARRIVAL,TK 171,Turkish Airlines,HKG,IST,JED,9:20,0:30,290,1210,Boeing 787,627000.0,2552.0,typical,8/27/2026,Thursday
ARRIVAL,CX 731,Cathay Pacific,HKG,DXB,JED,17:45,0:55,90,730,Boeing 777,626000.0,2808.0,typical,8/27/2026,Thursday
ARRIVAL,EK 383,Emirates,HKG,DXB,JED,19:10,2:05,70,715,Boeing 777,604000.0,3407.0,typical,8/27/2026,Thursday
DEPARTURE,VF 190,AJet,JED,SAW,CDG,3:10,11:35,100,565,Airbus A321neo,337000.0,876.0,typical,6/19/2026,Friday
DEPARTURE,VF 192,AJet,JED,SAW,CDG,6:35,16:25,185,650,Airbus A321neo,317000.0,876.0,typical,6/19/2026,Friday
DEPARTURE,A3 951,Aegean,JED,ATH,CDG,3:30,13:10,210,640,Airbus A320neo,322000.0,1113.0,typical,6/19/2026,Friday
DEPARTURE,GF 174,Gulf Air,JED,BAH,CDG,21:30,7:55,105,685,Airbus A321neo,519000.0,1173.0,typical,6/19/2026,Friday
DEPARTURE,VF 610,AJet,JED,ESB,CDG,2:50,16:40,430,890,Boeing 737MAX 8 Passenger,335000.0,871.0,typical,6/19/2026,Friday
DEPARTURE,A3 951,Aegean,JED,ATH,CDG,3:30,20:25,645,1075,Airbus A320neo,322000.0,985.0,typical,6/19/2026,Friday
DEPARTURE,SV 131,Saudia,JED,Direct,CDG,1:20,6:25,0,365,Airbus A321,489000.0,1654.0,typical,6/19/2026,Friday
DEPARTURE,SV 127,Saudia,JED,Direct,CDG,8:50,13:55,0,365,Boeing 787,245000.0,1802.0,typical,6/19/2026,Friday
DEPARTURE,ME 365,MEA,JED,BEY,CDG,12:25,19:45,75,500,Airbus A320,426000.0,3944.0,typical,6/19/2026,Friday
DEPARTURE,XY 40,Flynas,JED,Direct,RUH,15:40,17:25,0,105,Airbus A320neo,77000.0,339.0,typical,6/23/2026,Tuesday
DEPARTURE,F3 130,flyadeal,JED,Direct,RUH,17:40,19:15,0,95,Airbus A320,85000.0,345.0,typical,6/23/2026,Tuesday
DEPARTURE,SV 1034,Saudia,JED,Direct,RUH,14:00,15:45,0,105,Airbus A330,99000.0,424.0,typical,6/23/2026,Tuesday
DEPARTURE,XY 58,Flynas,JED,Direct,RUH,1:40,3:25,0,105,Airbus A320neo,77000.0,339.0,typical,6/23/2026,Tuesday
DEPARTURE,XY 64,Flynas,JED,Direct,RUH,6:40,8:25,0,105,Airbus A320neo,77000.0,339.0,typical,6/23/2026,Tuesday
DEPARTURE,XY 18,Flynas,JED,Direct,RUH,7:20,9:05,0,105,Airbus A320neo,77000.0,339.0,typical,6/23/2026,Tuesday
DEPARTURE,XY 4,Flynas,JED,Direct,RUH,8:05,9:50,0,105,Airbus A320neo,77000.0,339.0,typical,6/23/2026,Tuesday
DEPARTURE,XY 20,Flynas,JED,Direct,RUH,10:40,12:25,0,105,Airbus A320neo,77000.0,339.0,typical,6/23/2026,Tuesday
DEPARTURE,XY 22,Flynas,JED,Direct,RUH,12:35,14:20,0,105,Airbus A320neo,77000.0,339.0,typical,6/23/2026,Tuesday
DEPARTURE,XY 32,Flynas,JED,Direct,RUH,13:10,14:55,0,105,Airbus A320neo,77000.0,339.0,typical,6/23/2026,Tuesday
DEPARTURE,XY 36,Flynas,JED,Direct,RUH,14:10,15:55,0,105,Airbus A320neo,77000.0,339.0,typical,6/23/2026,Tuesday
DEPARTURE,XY 10,Flynas,JED,Direct,RUH,14:55,16:40,0,105,Airbus A320neo,77000.0,339.0,typical,6/23/2026,Tuesday
DEPARTURE,XY 46,Flynas,JED,Direct,RUH,17:50,19:35,0,105,Airbus A320neo,77000.0,339.0,typical,6/23/2026,Tuesday
DEPARTURE,XY 34,Flynas,JED,Direct,RUH,18:45,20:30,0,105,Airbus A320neo,77000.0,339.0,typical,6/23/2026,Tuesday
DEPARTURE,XY 12,Flynas,JED,Direct,RUH,19:40,21:25,0,105,Airbus A320neo,77000.0,339.0,typical,6/23/2026,Tuesday
DEPARTURE,XY 38,Flynas,JED,Direct,RUH,20:25,22:10,0,105,Airbus A320neo,77000.0,339.0,typical,6/23/2026,Tuesday
DEPARTURE,XY 62,Flynas,JED,Direct,RUH,21:50,23:35,0,105,Airbus A320neo,77000.0,339.0,typical,6/23/2026,Tuesday
DEPARTURE,XY 54,Flynas,JED,Direct,RUH,23:59,1:44,0,105,Airbus A320neo,77000.0,339.0,typical,6/23/2026,Tuesday
DEPARTURE,F3 152,flyadeal,JED,Direct,RUH,0:15,1:55,0,100,Airbus A320,85000.0,345.0,typical,6/23/2026,Tuesday
DEPARTURE,F3 158,flyadeal,JED,Direct,RUH,0:55,2:30,0,95,Airbus A320,85000.0,345.0,typical,6/23/2026,Tuesday
DEPARTURE,F3 156,flyadeal,JED,Direct,RUH,2:15,4:00,0,105,Airbus A320,85000.0,345.0,typical,6/23/2026,Tuesday
DEPARTURE,F3 162,flyadeal,JED,Direct,RUH,2:50,4:25,0,95,Airbus A320,85000.0,345.0,typical,6/23/2026,Tuesday
DEPARTURE,F3 160,flyadeal,JED,Direct,RUH,3:35,5:15,0,100,Airbus A320,85000.0,345.0,typical,6/23/2026,Tuesday
DEPARTURE,F3 110,flyadeal,JED,Direct,RUH,5:00,6:40,0,100,Airbus A320,85000.0,345.0,typical,6/23/2026,Tuesday
DEPARTURE,F3 112,flyadeal,JED,Direct,RUH,6:10,7:45,0,95,Airbus A320,85000.0,345.0,typical,6/23/2026,Tuesday
DEPARTURE,F3 102,flyadeal,JED,Direct,RUH,7:30,9:10,0,100,Airbus A320,85000.0,345.0,typical,6/23/2026,Tuesday
DEPARTURE,F3 104,flyadeal,JED,Direct,RUH,8:30,10:10,0,100,Airbus A320,85000.0,345.0,typical,6/23/2026,Tuesday
DEPARTURE,F3 116,flyadeal,JED,Direct,RUH,12:25,14:05,0,100,Airbus A320,85000.0,345.0,typical,6/23/2026,Tuesday
DEPARTURE,F3 114,flyadeal,JED,Direct,RUH,13:05,14:40,0,95,Airbus A320,85000.0,345.0,typical,6/23/2026,Tuesday
DEPARTURE,F3 120,flyadeal,JED,Direct,RUH,13:55,15:35,0,100,Airbus A320,85000.0,345.0,typical,6/23/2026,Tuesday
DEPARTURE,F3 118,flyadeal,JED,Direct,RUH,14:35,16:10,0,95,Airbus A320,85000.0,345.0,typical,6/23/2026,Tuesday
DEPARTURE,F3 138,flyadeal,JED,Direct,RUH,15:30,17:10,0,100,Airbus A320,85000.0,345.0,typical,6/23/2026,Tuesday
DEPARTURE,F3 122,flyadeal,JED,Direct,RUH,16:10,17:55,0,105,Airbus A320,85000.0,345.0,typical,6/23/2026,Tuesday
DEPARTURE,F3 126,flyadeal,JED,Direct,RUH,17:20,19:00,0,100,Airbus A320,85000.0,345.0,typical,6/23/2026,Tuesday
DEPARTURE,F3 148,flyadeal,JED,Direct,RUH,18:05,19:45,0,100,Airbus A320,85000.0,345.0,typical,6/23/2026,Tuesday
DEPARTURE,F3 132,flyadeal,JED,Direct,RUH,19:05,20:45,0,100,Airbus A320,85000.0,345.0,typical,6/23/2026,Tuesday
DEPARTURE,F3 134,flyadeal,JED,Direct,RUH,19:25,21:00,0,95,Airbus A320,85000.0,345.0,typical,6/23/2026,Tuesday
DEPARTURE,F3 154,flyadeal,JED,Direct,RUH,20:25,22:05,0,100,Airbus A320,85000.0,345.0,typical,6/23/2026,Tuesday
DEPARTURE,F3 140,flyadeal,JED,Direct,RUH,21:15,22:55,0,100,Airbus A320,85000.0,345.0,typical,6/23/2026,Tuesday
DEPARTURE,F3 144,flyadeal,JED,Direct,RUH,22:15,23:55,0,100,Airbus A320,85000.0,345.0,typical,6/23/2026,Tuesday
ARRIVAL,GF 153,Gulf Air,BKK,BAH,JED,20:15,3:55,120,700,Boeing 787,481000.0,1143.0,high,6/19/2026,Friday
ARRIVAL,WY 818,Oman Air,BKK,MCT,JED,9:00,17:10,180,730,Boeing 787,459000.0,1286.0,high,6/19/2026,Friday
ARRIVAL,SV 845,Saudia,BKK,Direct,JED,15:20,19:30,0,490,Boeing 787,331000.0,1822.0,high,6/19/2026,Friday
ARRIVAL,EY 401,Etihad,BKK,AUH,JED,3:15,3:55,1160,1720,Boeing 777,556000.0,1090.0,high,6/19/2026,Friday
ARRIVAL,EY 405,Etihad,BKK,AUH,JED,15:05,16:10,1135,1745,Boeing 787,452000.0,1090.0,high,6/19/2026,Friday
ARRIVAL,WY 812,Oman Air,BKK,MCT,JED,14:20,0:05,265,825,Boeing 737,556000.0,1286.0,high,6/19/2026,Friday
ARRIVAL,EY 401,Etihad,BKK,AUH,JED,3:15,10:30,110,675,Boeing 777,556000.0,1326.0,high,6/19/2026,Friday
ARRIVAL,EY 409,Etihad,BKK,AUH,JED,9:45,16:10,70,625,Airbus A350,472000.0,1326.0,high,6/19/2026,Friday
ARRIVAL,EY 405,Etihad,BKK,AUH,JED,15:05,23:25,125,740,Boeing 787,459000.0,1326.0,high,6/19/2026,Friday
ARRIVAL,G9 822,Air Arabia,BKK,SHJ,JED,8:55,15:45,95,650,Airbus A321,555000.0,1400.0,high,6/19/2026,Friday
ARRIVAL,HU 722,Hainan,BKK,HAK,JED,19:20,8:10,300,1010,Airbus A320neo,730000.0,1521.0,high,6/19/2026,Friday
ARRIVAL,QP 561,Akasa Air,BOM,Direct,JED,4:35,7:45,0,340,Boeing 737MAX 8 Passenger,216000.0,911.0,high,8/13/2026,Thursday
ARRIVAL,QP 552,Akasa Air,BOM,Direct,JED,17:40,20:45,0,335,Boeing 737MAX 8 Passenger,229000.0,911.0,high,8/13/2026,Thursday
ARRIVAL,SV 773,Saudia,BOM,Direct,JED,2:30,4:50,0,290,Boeing 777,242000.0,939.0,high,8/13/2026,Thursday
ARRIVAL,6E 91,IndiGo,BOM,Direct,JED,0:15,3:10,0,325,Airbus A320neo,235000.0,1120.0,high,8/13/2026,Thursday
ARRIVAL,GF 65,Gulf Air,BOM,BAH,JED,21:45,15:40,855,1225,Airbus A321neo,289000.0,1025.0,high,8/13/2026,Thursday
ARRIVAL,GF 57,Gulf Air,BOM,BAH,JED,6:05,12:30,155,535,Airbus A321neo,289000.0,1058.0,high,8/13/2026,Thursday
ARRIVAL,GF 65,Gulf Air,BOM,BAH,JED,21:45,3:55,140,520,Airbus A321neo,334000.0,1058.0,high,8/13/2026,Thursday
ARRIVAL,6E 61,IndiGo,BOM,Direct,JED,21:05,0:05,0,330,Airbus A320neo,235000.0,1120.0,high,8/13/2026,Thursday
ARRIVAL,AI 2251,Air India,BOM,Direct,JED,17:45,20:40,0,325,Airbus A320neo,262000.0,1282.0,high,8/13/2026,Thursday
ARRIVAL,AI 2245,Air India,BOM,Direct,JED,18:45,21:40,0,325,Airbus A320neo,262000.0,1282.0,high,8/13/2026,Thursday
ARRIVAL,PC 950,Pegasus,ZRH,SAW,JED,16:00,1:10,95,490,Airbus A321,327000.0,869.0,typical,6/13/2026,Saturday
ARRIVAL,VF 54,AJet,ZRH,SAW,JED,11:40,2:05,395,805,Airbus A321neo,268000.0,1658.0,typical,6/13/2026,Saturday
ARRIVAL,MS 774,EgyptAir,ZRH,CAI,JED,14:55,23:30,95,455,Airbus A320neo,354000.0,1702.0,typical,6/13/2026,Saturday
ARRIVAL,EY 142,Etihad,ZRH,AUH,JED,22:35,10:30,110,655,Airbus A321neo,565000.0,2013.0,typical,6/13/2026,Saturday
ARRIVAL,PC 952,Pegasus,ZRH,SAW,JED,20:45,1:10,1250,1645,Airbus A321,327000.0,1182.0,typical,6/13/2026,Saturday
ARRIVAL,TK 1912,Turkish Airlines,ZRH,IST,JED,7:40,12:30,265,1670,Airbus A320,494000.0,1830.0,typical,6/13/2026,Saturday
ARRIVAL,LX 238,SWISS,ZRH,CAI,JED,12:15,22:00,155,525,Airbus A220-300 Passenger,385000.0,3271.0,typical,6/13/2026,Saturday
ARRIVAL,TK 1914,Turkish Airlines,ZRH,IST,JED,15:10,0:30,85,500,Airbus A321neo,340000.0,3540.0,typical,6/13/2026,Saturday
ARRIVAL,LX 1736,SWISS,ZRH,FCO,JED,12:45,21:55,110,490,Airbus A220-300 Passenger,477000.0,3893.0,typical,6/13/2026,Saturday
ARRIVAL,F3 808,flyadeal,IST,Direct,JED,22:50,2:50,0,240,Airbus A320,198000.0,607.0,typical,8/4/2026,Tuesday
ARRIVAL,A3 993,Aegean,IST,ATH,JED,15:35,2:35,355,660,Airbus A321,245000.0,795.0,typical,8/4/2026,Tuesday
ARRIVAL,TK 126,Turkish Airlines,IST,Direct,JED,14:30,18:20,0,230,Boeing 737,228000.0,1330.0,typical,8/4/2026,Tuesday
ARRIVAL,XY 300,Flynas,IST,RUH,JED,20:45,10:30,490,825,Airbus A320neo,281000.0,951.0,typical,8/4/2026,Tuesday
ARRIVAL,TK 96,Turkish Airlines,IST,Direct,JED,1:15,5:05,0,230,Airbus A321neo,193000.0,1330.0,typical,8/4/2026,Tuesday
ARRIVAL,TK 92,Turkish Airlines,IST,Direct,JED,12:05,15:55,0,230,Airbus A321neo,193000.0,1330.0,typical,8/4/2026,Tuesday
ARRIVAL,TK 94,Turkish Airlines,IST,Direct,JED,20:35,0:30,0,235,Airbus A321neo,193000.0,1536.0,typical,8/4/2026,Tuesday
ARRIVAL,SV 266,Saudia,IST,Direct,JED,11:55,15:45,0,230,Airbus A321,232000.0,1929.0,typical,8/4/2026,Tuesday
ARRIVAL,SV 256,Saudia,IST,Direct,JED,15:25,19:10,0,225,Airbus A330,199000.0,1929.0,typical,8/4/2026,Tuesday
ARRIVAL,SV 278,Saudia,IST,Direct,JED,18:25,22:15,0,230,Airbus A321,232000.0,1929.0,typical,8/4/2026,Tuesday
ARRIVAL,SV 260,Saudia,IST,Direct,JED,22:25,2:15,0,230,Airbus A321,232000.0,1929.0,typical,8/4/2026,Tuesday
ARRIVAL,GF 561,Gulf Air,MCT,BAH,JED,7:30,12:30,110,360,Airbus A320,214000.0,682.0,typical,7/30/2026,Thursday
ARRIVAL,WY 689,Oman Air,MCT,Direct,JED,10:55,13:15,0,200,Boeing 737,172000.0,850.0,typical,7/30/2026,Thursday
ARRIVAL,OV 285,SalamAir,MCT,Direct,JED,13:30,16:00,0,210,Airbus A321neo,133000.0,1081.0,typical,7/30/2026,Thursday
ARRIVAL,GF 565,Gulf Air,MCT,BAH,JED,19:10,20:30,1330,1580,Airbus A320,259000.0,664.0,typical,7/30/2026,Thursday
ARRIVAL,GF 565,Gulf Air,MCT,BAH,JED,19:10,12:30,850,1100,Airbus A320,259000.0,664.0,typical,7/30/2026,Thursday
ARRIVAL,GF 567,Gulf Air,MCT,BAH,JED,23:55,3:55,60,300,Airbus A320,259000.0,682.0,typical,7/30/2026,Thursday
ARRIVAL,G9 113,Air Arabia,MCT,SHJ,JED,10:00,22:50,600,830,Airbus A320,208000.0,762.0,typical,7/30/2026,Thursday
ARRIVAL,G9 113,Air Arabia,MCT,SHJ,JED,10:00,15:45,175,405,Airbus A320,212000.0,776.0,typical,7/30/2026,Thursday
ARRIVAL,WY 675,Oman Air,MCT,Direct,JED,14:50,17:10,0,200,Boeing 737,170000.0,850.0,typical,7/30/2026,Thursday
ARRIVAL,WY 673,Oman Air,MCT,Direct,JED,21:45,0:05,0,200,Boeing 737,172000.0,850.0,typical,7/30/2026,Thursday
ARRIVAL,EK 867,Emirates,MCT,DXB,JED,4:40,8:45,60,305,Airbus A350,195000.0,934.0,typical,7/30/2026,Thursday
ARRIVAL,OV 283,SalamAir,MCT,Direct,JED,8:30,11:00,0,210,Airbus A321neo,143000.0,1413.0,typical,7/30/2026,Thursday
ARRIVAL,QR 708,Qatar Airways,IAD,DOH,JED,21:00,21:05,115,1025,Boeing 777,829000.0,2877.0,high,6/22/2026,Monday
ARRIVAL,SV 38,Saudia,IAD,RUH,JED,18:50,18:30,130,1000,Boeing 777,790000.0,2942.0,high,6/22/2026,Monday
ARRIVAL,EY 6,Etihad,IAD,AUH,JED,15:10,16:10,120,1080,Boeing 787,734000.0,3191.0,high,6/22/2026,Monday
ARRIVAL,TK 188,Turkish Airlines,IAD,IST,JED,13:20,15:55,355,1175,Boeing 787,661000.0,3556.0,high,6/22/2026,Monday
ARRIVAL,TK 8,Turkish Airlines,IAD,IST,JED,21:45,0:30,345,1185,Boeing 777,790000.0,3556.0,high,6/22/2026,Monday
ARRIVAL,ET 501,Ethiopian,IAD,ADD,JED,10:55,13:30,230,1175,Airbus A350,698000.0,4870.0,high,6/22/2026,Monday
ARRIVAL,VS 22,Virgin Atlantic,IAD,LHR,JED,22:55,22:50,200,1015,Boeing 787,678000.0,5758.0,high,6/22/2026,Monday
ARRIVAL,UA 126,United,IAD,FCO,JED,22:20,22:00,45,1000,Boeing 767,810000.0,21358.0,high,6/22/2026,Monday
DEPARTURE,F3 130,flyadeal,JED,Direct,RUH,17:40,19:15,0,95,Airbus A320,85000.0,345.0,typical,6/7/2026,Sunday
DEPARTURE,XY 40,Flynas,JED,Direct,RUH,15:40,17:25,0,105,Airbus A320neo,77000.0,349.0,typical,6/7/2026,Sunday
DEPARTURE,SV 1038,Saudia,JED,Direct,RUH,16:00,17:45,0,105,Airbus A330,99000.0,424.0,typical,6/7/2026,Sunday
DEPARTURE,F3 158,flyadeal,JED,Direct,RUH,0:55,2:30,0,95,Airbus A320,85000.0,345.0,typical,6/7/2026,Sunday
DEPARTURE,F3 156,flyadeal,JED,Direct,RUH,2:15,4:00,0,105,Airbus A320,85000.0,345.0,typical,6/7/2026,Sunday
DEPARTURE,F3 162,flyadeal,JED,Direct,RUH,2:50,4:25,0,95,Airbus A320,85000.0,345.0,typical,6/7/2026,Sunday
DEPARTURE,F3 160,flyadeal,JED,Direct,RUH,3:35,5:15,0,100,Airbus A320,85000.0,345.0,typical,6/7/2026,Sunday
DEPARTURE,F3 110,flyadeal,JED,Direct,RUH,5:00,6:40,0,100,Airbus A320,85000.0,345.0,typical,6/7/2026,Sunday
DEPARTURE,F3 112,flyadeal,JED,Direct,RUH,6:10,7:45,0,95,Airbus A320,85000.0,345.0,typical,6/7/2026,Sunday
DEPARTURE,F3 102,flyadeal,JED,Direct,RUH,7:30,9:10,0,100,Airbus A320,85000.0,345.0,typical,6/7/2026,Sunday
DEPARTURE,F3 104,flyadeal,JED,Direct,RUH,8:30,10:10,0,100,Airbus A320,85000.0,345.0,typical,6/7/2026,Sunday
DEPARTURE,F3 106,flyadeal,JED,Direct,RUH,9:35,11:20,0,105,Airbus A320,85000.0,345.0,typical,6/7/2026,Sunday
DEPARTURE,F3 116,flyadeal,JED,Direct,RUH,12:25,14:05,0,100,Airbus A320,85000.0,345.0,typical,6/7/2026,Sunday
DEPARTURE,F3 114,flyadeal,JED,Direct,RUH,13:05,14:40,0,95,Airbus A320,85000.0,345.0,typical,6/7/2026,Sunday
DEPARTURE,F3 120,flyadeal,JED,Direct,RUH,13:55,15:35,0,100,Airbus A320,85000.0,345.0,typical,6/7/2026,Sunday
DEPARTURE,F3 118,flyadeal,JED,Direct,RUH,14:35,16:10,0,95,Airbus A320,85000.0,345.0,typical,6/7/2026,Sunday
DEPARTURE,F3 138,flyadeal,JED,Direct,RUH,15:30,17:10,0,100,Airbus A320,85000.0,345.0,typical,6/7/2026,Sunday
DEPARTURE,F3 122,flyadeal,JED,Direct,RUH,16:10,17:55,0,105,Airbus A320,85000.0,345.0,typical,6/7/2026,Sunday
DEPARTURE,F3 126,flyadeal,JED,Direct,RUH,17:20,19:00,0,100,Airbus A320,85000.0,345.0,typical,6/7/2026,Sunday
DEPARTURE,F3 148,flyadeal,JED,Direct,RUH,18:05,19:45,0,100,Airbus A320,85000.0,345.0,typical,6/7/2026,Sunday
DEPARTURE,F3 132,flyadeal,JED,Direct,RUH,19:05,20:45,0,100,Airbus A320,85000.0,345.0,typical,6/7/2026,Sunday
DEPARTURE,F3 134,flyadeal,JED,Direct,RUH,19:25,21:00,0,95,Airbus A320,85000.0,345.0,typical,6/7/2026,Sunday
DEPARTURE,F3 154,flyadeal,JED,Direct,RUH,20:25,22:05,0,100,Airbus A320,85000.0,345.0,typical,6/7/2026,Sunday
DEPARTURE,F3 140,flyadeal,JED,Direct,RUH,21:15,22:55,0,100,Airbus A320,85000.0,345.0,typical,6/7/2026,Sunday
DEPARTURE,F3 144,flyadeal,JED,Direct,RUH,22:15,23:55,0,100,Airbus A320,85000.0,345.0,typical,6/7/2026,Sunday
DEPARTURE,XY 58,Flynas,JED,Direct,RUH,1:40,3:25,0,105,Airbus A320neo,77000.0,349.0,typical,6/7/2026,Sunday
DEPARTURE,XY 14,Flynas,JED,Direct,RUH,6:10,7:55,0,105,Airbus A320neo,77000.0,349.0,typical,6/7/2026,Sunday
DEPARTURE,XY 18,Flynas,JED,Direct,RUH,7:20,9:05,0,105,Airbus A320neo,77000.0,349.0,typical,6/7/2026,Sunday
DEPARTURE,XY 4,Flynas,JED,Direct,RUH,8:05,9:50,0,105,Airbus A320neo,77000.0,349.0,typical,6/7/2026,Sunday
DEPARTURE,XY 6,Flynas,JED,Direct,RUH,9:10,10:55,0,105,Airbus A320neo,77000.0,349.0,typical,6/7/2026,Sunday
DEPARTURE,XY 20,Flynas,JED,Direct,RUH,10:40,12:25,0,105,Airbus A320neo,77000.0,349.0,typical,6/7/2026,Sunday
DEPARTURE,XY 22,Flynas,JED,Direct,RUH,12:35,14:20,0,105,Airbus A320neo,77000.0,349.0,typical,6/7/2026,Sunday
DEPARTURE,XY 32,Flynas,JED,Direct,RUH,13:10,14:55,0,105,Airbus A320neo,77000.0,349.0,typical,6/7/2026,Sunday
DEPARTURE,XY 36,Flynas,JED,Direct,RUH,14:10,15:55,0,105,Airbus A320neo,77000.0,349.0,typical,6/7/2026,Sunday
DEPARTURE,XY 10,Flynas,JED,Direct,RUH,14:55,16:40,0,105,Airbus A320neo,77000.0,349.0,typical,6/7/2026,Sunday
DEPARTURE,XY 46,Flynas,JED,Direct,RUH,17:50,19:35,0,105,Airbus A320neo,77000.0,349.0,typical,6/7/2026,Sunday
DEPARTURE,XY 34,Flynas,JED,Direct,RUH,18:45,20:30,0,105,Airbus A320neo,77000.0,349.0,typical,6/7/2026,Sunday
DEPARTURE,XY 38,Flynas,JED,Direct,RUH,20:25,22:10,0,105,Airbus A320neo,77000.0,349.0,typical,6/7/2026,Sunday
DEPARTURE,XY 62,Flynas,JED,Direct,RUH,21:50,23:35,0,105,Airbus A320neo,77000.0,349.0,typical,6/7/2026,Sunday
DEPARTURE,XY 54,Flynas,JED,Direct,RUH,23:59,1:44,0,105,Airbus A320neo,77000.0,349.0,typical,6/7/2026,Sunday
DEPARTURE,XY 40,Flynas,JED,Direct,RUH,15:40,17:25,0,105,Airbus A320neo,77000.0,339.0,high,7/3/2026,Friday
DEPARTURE,XY 46,Flynas,JED,Direct,RUH,17:50,19:35,0,105,Airbus A320neo,77000.0,339.0,high,7/3/2026,Friday
DEPARTURE,F3 130,flyadeal,JED,Direct,RUH,17:40,19:15,0,95,Airbus A320,85000.0,345.0,high,7/3/2026,Friday
DEPARTURE,XY 18,Flynas,JED,Direct,RUH,7:20,9:05,0,105,Airbus A320neo,77000.0,339.0,high,7/3/2026,Friday
DEPARTURE,XY 4,Flynas,JED,Direct,RUH,8:05,9:50,0,105,Airbus A320neo,77000.0,339.0,high,7/3/2026,Friday
DEPARTURE,XY 32,Flynas,JED,Direct,RUH,13:10,14:55,0,105,Airbus A320neo,77000.0,339.0,high,7/3/2026,Friday
DEPARTURE,XY 36,Flynas,JED,Direct,RUH,14:10,15:55,0,105,Airbus A320neo,77000.0,339.0,high,7/3/2026,Friday
DEPARTURE,XY 62,Flynas,JED,Direct,RUH,21:50,23:35,0,105,Airbus A320neo,77000.0,339.0,high,7/3/2026,Friday
DEPARTURE,F3 152,flyadeal,JED,Direct,RUH,0:15,1:55,0,100,Airbus A320,85000.0,345.0,high,7/3/2026,Friday
DEPARTURE,F3 158,flyadeal,JED,Direct,RUH,0:55,2:30,0,95,Airbus A320,85000.0,345.0,high,7/3/2026,Friday
DEPARTURE,F3 156,flyadeal,JED,Direct,RUH,2:15,4:00,0,105,Airbus A320,85000.0,345.0,high,7/3/2026,Friday
DEPARTURE,F3 162,flyadeal,JED,Direct,RUH,2:50,4:25,0,95,Airbus A320,85000.0,345.0,high,7/3/2026,Friday
DEPARTURE,F3 160,flyadeal,JED,Direct,RUH,3:35,5:15,0,100,Airbus A320,85000.0,345.0,high,7/3/2026,Friday
DEPARTURE,F3 110,flyadeal,JED,Direct,RUH,5:00,6:40,0,100,Airbus A320,85000.0,345.0,high,7/3/2026,Friday
DEPARTURE,F3 112,flyadeal,JED,Direct,RUH,6:10,7:45,0,95,Airbus A320,85000.0,345.0,high,7/3/2026,Friday
DEPARTURE,F3 102,flyadeal,JED,Direct,RUH,7:30,9:10,0,100,Airbus A320,85000.0,345.0,high,7/3/2026,Friday
DEPARTURE,F3 104,flyadeal,JED,Direct,RUH,8:30,10:10,0,100,Airbus A320,85000.0,345.0,high,7/3/2026,Friday
DEPARTURE,F3 106,flyadeal,JED,Direct,RUH,9:35,11:20,0,105,Airbus A320,85000.0,345.0,high,7/3/2026,Friday
DEPARTURE,F3 116,flyadeal,JED,Direct,RUH,12:25,14:05,0,100,Airbus A320,85000.0,345.0,high,7/3/2026,Friday
DEPARTURE,F3 114,flyadeal,JED,Direct,RUH,13:05,14:40,0,95,Airbus A320,85000.0,345.0,high,7/3/2026,Friday
DEPARTURE,F3 120,flyadeal,JED,Direct,RUH,13:55,15:35,0,100,Airbus A320,85000.0,345.0,high,7/3/2026,Friday
DEPARTURE,F3 118,flyadeal,JED,Direct,RUH,14:35,16:10,0,95,Airbus A320,85000.0,345.0,high,7/3/2026,Friday
DEPARTURE,F3 138,flyadeal,JED,Direct,RUH,15:30,17:10,0,100,Airbus A320,85000.0,345.0,high,7/3/2026,Friday
DEPARTURE,F3 122,flyadeal,JED,Direct,RUH,16:10,17:55,0,105,Airbus A320,85000.0,345.0,high,7/3/2026,Friday
DEPARTURE,F3 126,flyadeal,JED,Direct,RUH,17:20,19:00,0,100,Airbus A320,85000.0,345.0,high,7/3/2026,Friday
DEPARTURE,F3 148,flyadeal,JED,Direct,RUH,18:05,19:45,0,100,Airbus A320,85000.0,345.0,high,7/3/2026,Friday
DEPARTURE,F3 132,flyadeal,JED,Direct,RUH,19:05,20:45,0,100,Airbus A320,85000.0,345.0,high,7/3/2026,Friday
DEPARTURE,F3 134,flyadeal,JED,Direct,RUH,19:25,21:00,0,95,Airbus A320,85000.0,345.0,high,7/3/2026,Friday
DEPARTURE,F3 154,flyadeal,JED,Direct,RUH,20:25,22:05,0,100,Airbus A320,85000.0,345.0,high,7/3/2026,Friday
DEPARTURE,F3 140,flyadeal,JED,Direct,RUH,21:15,22:55,0,100,Airbus A320,85000.0,345.0,high,7/3/2026,Friday
DEPARTURE,F3 144,flyadeal,JED,Direct,RUH,22:15,23:55,0,100,Airbus A320,85000.0,345.0,high,7/3/2026,Friday
DEPARTURE,XY 24,Flynas,JED,Direct,RUH,19:55,21:40,0,105,Airbus A320neo,77000.0,349.0,high,7/3/2026,Friday
DEPARTURE,XY 38,Flynas,JED,Direct,RUH,20:25,22:10,0,105,Airbus A320neo,77000.0,349.0,high,7/3/2026,Friday
DEPARTURE,XY 54,Flynas,JED,Direct,RUH,23:59,1:44,0,105,Airbus A320neo,77000.0,349.0,high,7/3/2026,Friday
DEPARTURE,XY 58,Flynas,JED,Direct,RUH,1:40,3:25,0,105,Airbus A320neo,77000.0,369.0,high,7/3/2026,Friday
DEPARTURE,XY 14,Flynas,JED,Direct,RUH,6:10,7:55,0,105,Airbus A320neo,77000.0,369.0,high,7/3/2026,Friday
DEPARTURE,XY 64,Flynas,JED,Direct,RUH,6:40,8:25,0,105,Airbus A320neo,77000.0,369.0,high,7/3/2026,Friday
DEPARTURE,XY 6,Flynas,JED,Direct,RUH,9:10,10:55,0,105,Airbus A320neo,77000.0,369.0,high,7/3/2026,Friday
DEPARTURE,XY 20,Flynas,JED,Direct,RUH,10:40,12:25,0,105,Airbus A320neo,77000.0,369.0,high,7/3/2026,Friday
DEPARTURE,XY 22,Flynas,JED,Direct,RUH,12:35,14:20,0,105,Airbus A320neo,77000.0,369.0,high,7/3/2026,Friday
ARRIVAL,EY 499,Etihad,SIN,AUH,JED,21:00,3:55,105,715,Airbus A380,594000.0,1511.0,typical,8/23/2026,Sunday
ARRIVAL,EK 315,Emirates,SIN,DXB,JED,10:35,17:45,120,730,Airbus A380,565000.0,1659.0,typical,8/23/2026,Sunday
ARRIVAL,QR 943,Qatar Airways,SIN,DOH,JED,10:20,18:20,190,780,Airbus A350,526000.0,1661.0,typical,8/23/2026,Sunday
ARRIVAL,6E 1012,IndiGo,SIN,BOM,JED,19:45,3:10,90,745,Airbus A321neo,491000.0,1645.0,typical,8/23/2026,Sunday
ARRIVAL,EK 349,Emirates,SIN,DXB,JED,1:40,8:45,125,725,Boeing 777,549000.0,1659.0,typical,8/23/2026,Sunday
ARRIVAL,EK 355,Emirates,SIN,DXB,JED,21:00,8:45,405,1005,Airbus A380,546000.0,1659.0,typical,8/23/2026,Sunday
ARRIVAL,QR 945,Qatar Airways,SIN,DOH,JED,3:15,10:10,125,715,Airbus A350,511000.0,1661.0,typical,8/23/2026,Sunday
ARRIVAL,QR 947,Qatar Airways,SIN,DOH,JED,19:40,1:40,70,660,Airbus A350,471000.0,1661.0,typical,8/23/2026,Sunday
ARRIVAL,HU 460,Hainan,SIN,HAK,JED,16:15,8:10,455,1255,Boeing 737,675000.0,1717.0,typical,8/23/2026,Sunday
ARRIVAL,SQ 116,Singapore Airlines,SIN,KUL,JED,14:30,21:10,110,700,Boeing 737MAX 8 Passenger,403000.0,5380.0,typical,8/23/2026,Sunday
ARRIVAL,SV 525,Saudia,BAH,Direct,JED,0:25,2:40,0,135,Airbus A320,139000.0,466.0,high,9/13/2026,Sunday
ARRIVAL,SV 527,Saudia,BAH,Direct,JED,20:10,22:25,0,135,Airbus A320,139000.0,466.0,high,9/13/2026,Sunday
ARRIVAL,GF 183,Gulf Air,BAH,Direct,JED,13:25,15:40,0,135,Airbus A321neo,106000.0,620.0,high,9/13/2026,Sunday
ARRIVAL,GF 181,Gulf Air,BAH,Direct,JED,1:30,3:55,0,145,Airbus A321neo,106000.0,620.0,high,9/13/2026,Sunday
ARRIVAL,GF 175,Gulf Air,BAH,Direct,JED,1:55,4:20,0,145,Airbus A320,145000.0,620.0,high,9/13/2026,Sunday
ARRIVAL,GF 171,Gulf Air,BAH,Direct,JED,10:05,12:30,0,145,Airbus A321neo,106000.0,620.0,high,9/13/2026,Sunday
ARRIVAL,GF 173,Gulf Air,BAH,Direct,JED,18:05,20:30,0,145,Airbus A321,151000.0,620.0,high,9/13/2026,Sunday
ARRIVAL,EY 646,Etihad,BAH,AUH,JED,22:50,3:55,60,305,Airbus A320,239000.0,637.0,high,9/13/2026,Sunday
ARRIVAL,QR 1109,Qatar Airways,BAH,DOH,JED,22:20,3:20,95,300,Airbus A320,149000.0,996.0,high,9/13/2026,Sunday
ARRIVAL,SV 1902,Saudia,TIF,RUH,JED,7:35,12:45,110,310,Airbus A320,193000.0,447.0,high,7/7/2026,Tuesday
ARRIVAL,SV 1910,Saudia,TIF,RUH,JED,1:40,6:45,105,305,Airbus A321,201000.0,447.0,high,7/7/2026,Tuesday
ARRIVAL,SV 1900,Saudia,TIF,RUH,JED,12:20,17:45,125,325,Airbus A321,190000.0,447.0,high,7/7/2026,Tuesday
ARRIVAL,SV 1914,Saudia,TIF,RUH,JED,16:50,21:45,95,295,Airbus A321,201000.0,447.0,high,7/7/2026,Tuesday
ARRIVAL,SV 1904,Saudia,TIF,RUH,JED,21:35,2:45,110,310,Airbus A321,206000.0,447.0,high,7/7/2026,Tuesday
ARRIVAL,AI 2385,Air India,KUL,DEL,JED,6:50,20:50,450,1140,Airbus A320neo,578000.0,1621.0,high,5/17/2026,Sunday
ARRIVAL,HU 756,Hainan,KUL,HAK,JED,21:05,8:40,180,995,Boeing 737,823000.0,1696.0,high,5/17/2026,Sunday
ARRIVAL,QR 849,Qatar Airways,KUL,DOH,JED,2:00,10:00,160,780,Boeing 777,560000.0,1751.0,high,5/17/2026,Sunday
ARRIVAL,EY 489,Etihad,KUL,AUH,JED,9:50,16:10,85,680,Boeing 787,454000.0,2377.0,high,5/17/2026,Sunday
ARRIVAL,SV 841,Saudia,KUL,Direct,JED,2:15,5:50,0,515,Boeing 787,353000.0,4129.0,high,5/17/2026,Sunday
ARRIVAL,EY 487,Etihad,KUL,AUH,JED,21:55,3:55,75,660,Boeing 787,482000.0,2377.0,high,5/17/2026,Sunday
ARRIVAL,TR 473,Scoot,KUL,SIN,JED,18:25,20:20,1235,1855,Airbus A320,484000.0,2546.0,high,5/17/2026,Sunday
ARRIVAL,6E 1038,IndiGo,KUL,BLR,JED,21:55,4:50,75,715,Airbus A320neo,464000.0,2547.0,high,5/17/2026,Sunday
ARRIVAL,EK 343,Emirates,KUL,DXB,JED,2:00,8:45,110,705,Airbus A380,539000.0,4672.0,high,5/17/2026,Sunday
DEPARTURE,VF 190,AJet,JED,SAW,FRA,3:10,12:30,190,620,Airbus A321neo,304000.0,887.0,high,5/22/2026,Friday
DEPARTURE,PC 695,Pegasus,JED,SAW,FRA,2:30,13:40,310,730,Airbus A321,339000.0,1053.0,high,5/22/2026,Friday
DEPARTURE,EY 604,Etihad,JED,AUH,FRA,5:30,18:45,280,855,Airbus A321,458000.0,1181.0,high,5/22/2026,Friday
DEPARTURE,EK 804,Emirates,JED,DXB,FRA,20:10,8:50,215,820,Airbus A380,539000.0,1326.0,high,5/22/2026,Friday
DEPARTURE,QR 1183,Qatar Airways,JED,DOH,FRA,3:10,14:35,140,745,Airbus A350,380000.0,1329.0,high,5/22/2026,Friday
DEPARTURE,QR 1189,Qatar Airways,JED,DOH,FRA,22:35,8:50,75,675,Boeing 777,390000.0,1329.0,high,5/22/2026,Friday
DEPARTURE,TK 149,Turkish Airlines,JED,IST,FRA,2:00,9:40,100,520,Airbus A321neo,344000.0,1982.0,high,5/22/2026,Friday
DEPARTURE,SM 480,Air Cairo,JED,CAI,FRA,23:30,14:10,555,940,Airbus A320,287000.0,2650.0,high,5/22/2026,Friday
DEPARTURE,SV 127,Saudia,JED,CDG,FRA,8:50,17:45,150,595,Boeing 787,368000.0,3449.0,high,5/22/2026,Friday
DEPARTURE,SV 203,Saudia,JED,FCO,FRA,3:10,10:50,90,520,Airbus A320,435000.0,3702.0,high,5/22/2026,Friday
DEPARTURE,MS 644,EgyptAir,JED,CAI,FRA,0:30,8:10,120,520,Boeing 737,338000.0,5132.0,high,5/22/2026,Friday
ARRIVAL,XY 19,Flynas,RUH,Direct,JED,13:10,15:00,0,110,Airbus A320neo,76000.0,339.0,high,7/26/2026,Sunday
ARRIVAL,F3 129,flyadeal,RUH,Direct,JED,15:20,17:00,0,100,Airbus A320,83000.0,345.0,high,7/26/2026,Sunday
ARRIVAL,SV 1035,Saudia,RUH,Direct,JED,14:00,15:45,0,105,Airbus A330,98000.0,424.0,high,7/26/2026,Sunday
ARRIVAL,XY 35,Flynas,RUH,Direct,JED,11:35,13:25,0,110,Airbus A320neo,76000.0,339.0,high,7/26/2026,Sunday
ARRIVAL,XY 9,Flynas,RUH,Direct,JED,12:20,14:10,0,110,Airbus A320neo,76000.0,339.0,high,7/26/2026,Sunday
ARRIVAL,XY 39,Flynas,RUH,Direct,JED,13:05,14:55,0,110,Airbus A320neo,76000.0,339.0,high,7/26/2026,Sunday
ARRIVAL,XY 57,Flynas,RUH,Direct,JED,23:05,0:55,0,110,Airbus A320neo,76000.0,339.0,high,7/26/2026,Sunday
ARRIVAL,F3 161,flyadeal,RUH,Direct,JED,0:15,1:55,0,100,Airbus A320,83000.0,345.0,high,7/26/2026,Sunday
ARRIVAL,F3 159,flyadeal,RUH,Direct,JED,1:10,2:55,0,105,Airbus A320,83000.0,345.0,high,7/26/2026,Sunday
ARRIVAL,F3 101,flyadeal,RUH,Direct,JED,5:00,6:45,0,105,Airbus A320,83000.0,345.0,high,7/26/2026,Sunday
ARRIVAL,F3 103,flyadeal,RUH,Direct,JED,5:55,7:45,0,110,Airbus A320,83000.0,345.0,high,7/26/2026,Sunday
ARRIVAL,F3 109,flyadeal,RUH,Direct,JED,7:25,9:10,0,105,Airbus A320,83000.0,345.0,high,7/26/2026,Sunday
ARRIVAL,F3 111,flyadeal,RUH,Direct,JED,8:35,10:30,0,115,Airbus A320,83000.0,345.0,high,7/26/2026,Sunday
ARRIVAL,F3 115,flyadeal,RUH,Direct,JED,10:00,11:45,0,105,Airbus A320,83000.0,345.0,high,7/26/2026,Sunday
ARRIVAL,F3 113,flyadeal,RUH,Direct,JED,10:30,12:25,0,115,Airbus A320,83000.0,345.0,high,7/26/2026,Sunday
ARRIVAL,F3 119,flyadeal,RUH,Direct,JED,11:25,13:15,0,110,Airbus A320,83000.0,345.0,high,7/26/2026,Sunday
ARRIVAL,F3 117,flyadeal,RUH,Direct,JED,12:00,13:55,0,115,Airbus A320,83000.0,345.0,high,7/26/2026,Sunday
ARRIVAL,F3 105,flyadeal,RUH,Direct,JED,12:30,14:25,0,115,Airbus A320,83000.0,345.0,high,7/26/2026,Sunday
ARRIVAL,F3 121,flyadeal,RUH,Direct,JED,13:30,15:15,0,105,Airbus A320,83000.0,345.0,high,7/26/2026,Sunday
ARRIVAL,F3 125,flyadeal,RUH,Direct,JED,14:50,16:35,0,105,Airbus A320,83000.0,345.0,high,7/26/2026,Sunday
ARRIVAL,F3 131,flyadeal,RUH,Direct,JED,16:25,18:10,0,105,Airbus A320,83000.0,345.0,high,7/26/2026,Sunday
ARRIVAL,F3 133,flyadeal,RUH,Direct,JED,16:50,18:45,0,115,Airbus A320,83000.0,345.0,high,7/26/2026,Sunday
ARRIVAL,F3 137,flyadeal,RUH,Direct,JED,17:55,19:40,0,105,Airbus A320,83000.0,345.0,high,7/26/2026,Sunday
ARRIVAL,F3 139,flyadeal,RUH,Direct,JED,18:45,20:30,0,105,Airbus A320,83000.0,345.0,high,7/26/2026,Sunday
ARRIVAL,F3 143,flyadeal,RUH,Direct,JED,19:45,21:30,0,105,Airbus A320,83000.0,345.0,high,7/26/2026,Sunday
ARRIVAL,F3 147,flyadeal,RUH,Direct,JED,20:25,22:10,0,105,Airbus A320,83000.0,345.0,high,7/26/2026,Sunday
ARRIVAL,F3 151,flyadeal,RUH,Direct,JED,21:45,23:30,0,105,Airbus A320,83000.0,345.0,high,7/26/2026,Sunday
ARRIVAL,F3 157,flyadeal,RUH,Direct,JED,22:30,0:15,0,105,Airbus A320,83000.0,345.0,high,7/26/2026,Sunday
ARRIVAL,F3 153,flyadeal,RUH,Direct,JED,22:50,0:35,0,105,Airbus A320,83000.0,345.0,high,7/26/2026,Sunday
ARRIVAL,F3 155,flyadeal,RUH,Direct,JED,23:40,1:25,0,105,Airbus A320,83000.0,345.0,high,7/26/2026,Sunday
ARRIVAL,XY 61,Flynas,RUH,Direct,JED,0:20,2:10,0,110,Airbus A320neo,76000.0,349.0,high,7/26/2026,Sunday
ARRIVAL,XY 3,Flynas,RUH,Direct,JED,5:30,7:20,0,110,Airbus A320neo,76000.0,349.0,high,7/26/2026,Sunday
ARRIVAL,XY 5,Flynas,RUH,Direct,JED,6:35,8:25,0,110,Airbus A320neo,76000.0,349.0,high,7/26/2026,Sunday
ARRIVAL,XY 13,Flynas,RUH,Direct,JED,8:40,10:30,0,110,Airbus A320neo,76000.0,349.0,high,7/26/2026,Sunday
ARRIVAL,XY 17,Flynas,RUH,Direct,JED,9:50,11:40,0,110,Airbus A320neo,76000.0,349.0,high,7/26/2026,Sunday
ARRIVAL,XY 31,Flynas,RUH,Direct,JED,10:35,12:25,0,110,Airbus A320neo,76000.0,349.0,high,7/26/2026,Sunday
ARRIVAL,XY 21,Flynas,RUH,Direct,JED,15:05,16:55,0,110,Airbus A320neo,76000.0,349.0,high,7/26/2026,Sunday
ARRIVAL,XY 33,Flynas,RUH,Direct,JED,16:10,18:00,0,110,Airbus A320neo,76000.0,349.0,high,7/26/2026,Sunday
ARRIVAL,XY 37,Flynas,RUH,Direct,JED,17:45,19:35,0,110,Airbus A320neo,76000.0,349.0,high,7/26/2026,Sunday
ARRIVAL,XY 59,Flynas,RUH,Direct,JED,19:00,20:50,0,110,Airbus A320neo,76000.0,349.0,high,7/26/2026,Sunday
DEPARTURE,A3 951,Aegean,JED,ATH,BCN,3:30,1:00,940,1350,Airbus A320neo,308000.0,805.0,low,6/10/2026,Wednesday
DEPARTURE,A3 951,Aegean,JED,ATH,BCN,3:30,11:15,115,525,Airbus A320neo,308000.0,848.0,low,6/10/2026,Wednesday
DEPARTURE,EY 604,Etihad,JED,AUH,BCN,5:40,19:15,285,875,Airbus A321,478000.0,1313.0,low,6/10/2026,Wednesday
DEPARTURE,EY 602,Etihad,JED,AUH,BCN,3:10,19:15,430,1025,Airbus A321neo,442000.0,1191.0,low,6/10/2026,Wednesday
DEPARTURE,SV 1048,Saudia,JED,RUH,BCN,21:00,10:50,180,890,Airbus A330,488000.0,1358.0,low,6/10/2026,Wednesday
DEPARTURE,QR 1189,Qatar Airways,JED,DOH,BCN,20:20,7:55,135,755,Boeing 777,411000.0,1464.0,low,6/10/2026,Wednesday
DEPARTURE,MS 674,EgyptAir,JED,CAI,BCN,5:10,15:25,280,675,Airbus A330,379000.0,2148.0,low,6/10/2026,Wednesday
DEPARTURE,TK 121,Turkish Airlines,JED,IST,BCN,14:30,23:15,105,585,Airbus A330,416000.0,2694.0,low,6/10/2026,Wednesday
DEPARTURE,PC 699,Pegasus,JED,SAW,BCN,5:10,12:50,75,520,Airbus A321,358000.0,3787.0,low,6/10/2026,Wednesday
DEPARTURE,SV 131,Saudia,JED,CDG,BCN,1:20,11:15,175,655,Boeing 787,393000.0,4837.0,low,6/10/2026,Wednesday
ARRIVAL,EY 401,Etihad,BKK,AUH,JED,3:15,10:30,110,675,Boeing 787,459000.0,1136.0,typical,7/14/2026,Tuesday
ARRIVAL,EY 409,Etihad,BKK,AUH,JED,9:45,16:10,70,625,Airbus A350,474000.0,1136.0,typical,7/14/2026,Tuesday
ARRIVAL,EY 405,Etihad,BKK,AUH,JED,15:05,23:25,125,740,Boeing 787,459000.0,1136.0,typical,7/14/2026,Tuesday
ARRIVAL,WY 818,Oman Air,BKK,MCT,JED,9:00,17:10,180,730,Boeing 787,459000.0,1273.0,typical,7/14/2026,Tuesday
ARRIVAL,WY 812,Oman Air,BKK,MCT,JED,14:20,0:05,265,825,Boeing 737,554000.0,1273.0,typical,7/14/2026,Tuesday
ARRIVAL,WY 816,Oman Air,BKK,MCT,JED,19:10,4:45,265,815,Boeing 787,461000.0,1273.0,typical,7/14/2026,Tuesday
ARRIVAL,GF 153,Gulf Air,BKK,BAH,JED,20:15,3:55,120,700,Boeing 787,451000.0,1296.0,typical,7/14/2026,Tuesday
ARRIVAL,HU 722,Hainan,BKK,HAK,JED,19:20,8:10,300,1010,Airbus A320neo,588000.0,1371.0,typical,7/14/2026,Tuesday
ARRIVAL,G9 822,Air Arabia,BKK,SHJ,JED,8:55,15:45,95,650,Airbus A321,555000.0,1389.0,typical,7/14/2026,Tuesday
ARRIVAL,SV 849,Saudia,BKK,Direct,JED,1:50,6:00,0,490,Boeing 787,384000.0,1869.0,typical,7/14/2026,Tuesday
ARRIVAL,A3 651,Aegean,FCO,ATH,JED,9:30,2:35,630,965,Airbus A321neo,262000.0,933.0,high,7/14/2026,Tuesday
ARRIVAL,A3 655,Aegean,FCO,ATH,JED,18:30,2:35,95,425,Airbus A321neo,262000.0,1092.0,high,7/14/2026,Tuesday
ARRIVAL,SV 208,Saudia,FCO,RUH,JED,16:10,2:45,155,575,Airbus A320,442000.0,1240.0,high,7/14/2026,Tuesday
ARRIVAL,EY 84,Etihad,FCO,AUH,JED,23:00,10:30,90,630,Boeing 787,452000.0,1337.0,high,7/14/2026,Tuesday
ARRIVAL,G9 663,Air Arabia,FCO,SHJ,JED,22:00,15:45,470,1005,Airbus A320neo,463000.0,1605.0,high,7/14/2026,Tuesday
ARRIVAL,G9 663,Air Arabia,FCO,SHJ,JED,22:00,9:25,90,625,Airbus A320neo,458000.0,1620.0,high,7/14/2026,Tuesday
ARRIVAL,SV 202,Saudia,FCO,Direct,JED,16:10,21:55,0,285,Airbus A320,394000.0,2044.0,high,7/14/2026,Tuesday
ARRIVAL,MS 792,EgyptAir,FCO,CAI,JED,14:00,22:00,95,420,Airbus A321,346000.0,2528.0,high,7/14/2026,Tuesday
DEPARTURE,SV 203,Saudia,JED,FCO,ORD,3:10,19:40,310,1470,Airbus A320,954000.0,2590.0,typical,5/1/2026,Friday
DEPARTURE,SV 21,Saudia,JED,JFK,ORD,8:50,21:57,291,1267,Boeing 777,954000.0,3133.0,typical,5/1/2026,Friday
DEPARTURE,TK 95,Turkish Airlines,JED,IST,ORD,1:30,9:40,70,970,Airbus A321neo,610000.0,4244.0,high,5/1/2026,Friday
DEPARTURE,RJ 705,Royal Jordanian,JED,AMM,ORD,4:50,16:10,270,1160,Airbus A320neo,681000.0,4431.0,high,5/1/2026,Friday
DEPARTURE,SV 203,Saudia,JED,FCO,ORD,3:10,20:08,255,1498,Airbus A320,966000.0,2572.0,typical,5/1/2026,Friday
DEPARTURE,SV 203,Saudia,JED,FCO,ORD,3:10,11:28,255,2418,Airbus A320,966000.0,2572.0,typical,5/1/2026,Friday
DEPARTURE,SV 203,Saudia,JED,FCO,ORD,3:10,22:01,310,1611,Airbus A320,971000.0,2590.0,typical,5/1/2026,Friday
DEPARTURE,SV 117,Saudia,JED,LHR,ORD,16:00,14:53,780,1853,Boeing 777,852000.0,2637.0,typical,5/1/2026,Friday
DEPARTURE,SV 117,Saudia,JED,LHR,ORD,16:00,14:03,720,1803,Boeing 777,869000.0,2655.0,typical,5/1/2026,Friday
DEPARTURE,MS 670,EgyptAir,JED,CAI,ORD,23:00,13:20,150,1340,Boeing 737,821000.0,3538.0,typical,5/1/2026,Friday
DEPARTURE,GF 174,Gulf Air,JED,BAH,ORD,21:30,12:20,130,1370,Airbus A320neo,768000.0,3548.0,high,5/1/2026,Friday
DEPARTURE,QR 1189,Qatar Airways,JED,DOH,ORD,22:35,16:50,515,1575,Boeing 777,754000.0,4006.0,high,5/1/2026,Friday
DEPARTURE,TK 97,Turkish Airlines,JED,IST,ORD,6:05,18:15,290,1210,Airbus A321neo,723000.0,4244.0,high,5/1/2026,Friday
DEPARTURE,RJ 707,Royal Jordanian,JED,AMM,ORD,20:55,16:10,745,1635,Boeing 787,644000.0,4431.0,high,5/1/2026,Friday
DEPARTURE,EK 802,Emirates,JED,DXB,ORD,4:05,15:45,120,1180,Airbus A380,972000.0,4581.0,high,5/1/2026,Friday
DEPARTURE,QR 1183,Qatar Airways,JED,DOH,ORD,4:05,16:50,185,1245,Airbus A350,744000.0,4674.0,high,5/1/2026,Friday
DEPARTURE,TK 95,Turkish Airlines,JED,IST,ORD,1:30,13:20,160,1190,Airbus A321neo,790000.0,12670.0,high,5/1/2026,Friday
DEPARTURE,TK 95,Turkish Airlines,JED,IST,ORD,1:30,9:40,70,970,Airbus A321neo,563000.0,2749.0,typical,8/6/2026,Thursday
DEPARTURE,TK 97,Turkish Airlines,JED,IST,ORD,6:05,18:15,290,1210,Airbus A321neo,659000.0,2749.0,typical,8/6/2026,Thursday
DEPARTURE,MS 672,EgyptAir,JED,CAI,ORD,18:30,5:15,250,1125,Airbus A330,720000.0,3012.0,typical,8/6/2026,Thursday
DEPARTURE,SV 119,Saudia,JED,LHR,ORD,8:10,19:52,90,1182,Boeing 787,701000.0,2655.0,typical,8/6/2026,Thursday
DEPARTURE,TK 127,Turkish Airlines,JED,IST,ORD,19:20,9:40,420,1340,Boeing 737,598000.0,2749.0,typical,8/6/2026,Thursday
DEPARTURE,EY 612,Etihad,JED,AUH,ORD,19:00,8:35,250,1295,Airbus A321,736000.0,2863.0,typical,8/6/2026,Thursday
DEPARTURE,MS 662,EgyptAir,JED,CAI,ORD,11:10,5:15,690,1565,Airbus A330,720000.0,2956.0,typical,8/6/2026,Thursday
DEPARTURE,EK 802,Emirates,JED,DXB,ORD,4:05,15:45,120,1180,Airbus A380,977000.0,3415.0,typical,8/6/2026,Thursday
DEPARTURE,QR 1185,Qatar Airways,JED,DOH,ORD,4:50,15:05,60,1095,Boeing 787,892000.0,4006.0,high,8/6/2026,Thursday
ARRIVAL,EY 64,Etihad,LHR,AUH,JED,14:45,3:55,80,670,Airbus A350,483000.0,1595.0,typical,6/13/2026,Saturday
ARRIVAL,EY 66,Etihad,LHR,AUH,JED,20:50,10:30,110,700,Boeing 787,519000.0,1595.0,typical,6/13/2026,Saturday
ARRIVAL,EY 68,Etihad,LHR,AUH,JED,21:45,10:30,55,645,Airbus A350,483000.0,1697.0,typical,6/13/2026,Saturday
ARRIVAL,A3 601,Aegean,LHR,ATH,JED,12:15,2:35,305,740,Airbus A321neo,345000.0,1734.0,typical,6/13/2026,Saturday
ARRIVAL,QR 120,Qatar Airways,LHR,DOH,JED,9:30,0:10,150,760,Boeing 777,501000.0,1850.0,typical,6/13/2026,Saturday
ARRIVAL,A3 609,Aegean,LHR,ATH,JED,22:15,2:35,1150,1580,Airbus A321neo,345000.0,1475.0,typical,6/13/2026,Saturday
ARRIVAL,EY 62,Etihad,LHR,AUH,JED,9:30,23:25,110,715,Airbus A380,538000.0,1697.0,typical,6/13/2026,Saturday
ARRIVAL,QR 16,Qatar Airways,LHR,DOH,JED,21:55,12:00,130,725,Boeing 777,510000.0,1850.0,typical,6/13/2026,Saturday
ARRIVAL,RJ 112,Royal Jordanian,LHR,AMM,JED,17:05,3:05,45,480,Boeing 787,304000.0,2657.0,typical,6/13/2026,Saturday
ARRIVAL,SV 120,Saudia,LHR,Direct,JED,14:40,22:50,0,370,Boeing 787,306000.0,3716.0,typical,6/13/2026,Saturday
ARRIVAL,SV 118,Saudia,LHR,Direct,JED,22:10,6:20,0,370,Boeing 787,306000.0,3716.0,typical,6/13/2026,Saturday
ARRIVAL,PC 1252,Pegasus,AMS,SAW,JED,12:40,1:10,260,690,Airbus A321,345000.0,1379.0,typical,8/20/2026,Thursday
ARRIVAL,A3 625,Aegean,AMS,ATH,JED,12:20,2:35,385,795,Airbus A321neo,329000.0,1506.0,typical,8/20/2026,Thursday
ARRIVAL,SV 214,Saudia,AMS,Direct,JED,15:55,22:45,0,350,Boeing 787,254000.0,2849.0,typical,8/20/2026,Thursday
ARRIVAL,WY 172,Oman Air,AMS,MCT,JED,20:25,17:10,575,1185,Boeing 787,500000.0,1774.0,typical,8/20/2026,Thursday
ARRIVAL,TK 1956,Turkish Airlines,AMS,IST,JED,23:20,16:10,125,950,Airbus A320,561000.0,1835.0,typical,8/20/2026,Thursday
ARRIVAL,EY 42,Etihad,AMS,AUH,JED,21:55,10:30,125,695,Airbus A350,467000.0,2208.0,typical,8/20/2026,Thursday
ARRIVAL,VF 4,AJet,AMS,SAW,JED,17:45,4:55,160,610,Boeing 737,365000.0,2504.0,typical,8/20/2026,Thursday
ARRIVAL,TK 1958,Turkish Airlines,AMS,IST,JED,14:40,0:30,90,530,Airbus A330,332000.0,3904.0,typical,8/20/2026,Thursday
DEPARTURE,A3 951,Aegean,JED,ATH,MAD,3:30,12:00,120,570,Airbus A320neo,338000.0,1055.0,high,7/11/2026,Saturday
DEPARTURE,EY 604,Etihad,JED,AUH,MAD,5:40,19:40,285,900,Airbus A321,455000.0,1198.0,high,7/11/2026,Saturday
DEPARTURE,QR 1185,Qatar Airways,JED,DOH,MAD,4:50,14:15,55,625,Boeing 787,408000.0,1495.0,high,7/11/2026,Saturday
DEPARTURE,EY 612,Etihad,JED,AUH,MAD,19:00,8:10,220,850,Airbus A321,502000.0,1255.0,high,7/11/2026,Saturday
DEPARTURE,QR 1187,Qatar Airways,JED,DOH,MAD,19:50,20:45,985,1555,Boeing 787,393000.0,1265.0,high,7/11/2026,Saturday
DEPARTURE,AT 255,Royal Air Maroc,JED,CMN,MAD,15:30,12:35,800,1325,Boeing 787,432000.0,1460.0,high,7/11/2026,Saturday
DEPARTURE,PC 695,Pegasus,JED,SAW,MAD,2:30,13:30,225,720,Airbus A321,383000.0,1547.0,high,7/11/2026,Saturday
DEPARTURE,VF 610,AJet,JED,ESB,MAD,2:10,16:05,390,895,Boeing 737MAX 8 Passenger,364000.0,1550.0,high,7/11/2026,Saturday
DEPARTURE,MS 674,EgyptAir,JED,CAI,MAD,5:10,12:55,90,525,Boeing 737,443000.0,1809.0,high,7/11/2026,Saturday
DEPARTURE,SV 227,Saudia,JED,Direct,MAD,8:20,13:45,0,385,Boeing 787,293000.0,2855.0,high,7/11/2026,Saturday
DEPARTURE,GF 174,Gulf Air,JED,BAH,FCO,21:30,6:35,110,605,Airbus A321neo,439000.0,1106.0,high,9/8/2026,Tuesday
DEPARTURE,G9 150,Air Arabia,JED,SHJ,FCO,23:45,12:35,260,830,Airbus A321 (Sharklets),463000.0,1268.0,high,9/8/2026,Tuesday
DEPARTURE,SV 1048,Saudia,JED,RUH,FCO,21:00,6:15,180,615,Airbus A321,414000.0,1310.0,high,9/8/2026,Tuesday
DEPARTURE,G9 146,Air Arabia,JED,SHJ,FCO,10:10,21:00,140,710,Airbus A321 (Sharklets),463000.0,1283.0,high,9/8/2026,Tuesday
DEPARTURE,EY 604,Etihad,JED,AUH,FCO,5:40,18:15,285,815,Airbus A321,454000.0,1668.0,high,9/8/2026,Tuesday
DEPARTURE,SV 1018,Saudia,JED,RUH,FCO,6:00,14:40,135,580,Airbus A330,450000.0,1710.0,high,9/8/2026,Tuesday
DEPARTURE,VF 190,AJet,JED,SAW,FCO,3:05,11:30,160,565,Boeing 737,312000.0,2264.0,high,9/8/2026,Tuesday
DEPARTURE,MS 662,EgyptAir,JED,CAI,FCO,11:10,17:20,95,430,Airbus A330,311000.0,2482.0,high,9/8/2026,Tuesday
DEPARTURE,SV 201,Saudia,JED,Direct,FCO,10:35,14:40,0,305,Airbus A320,396000.0,3896.0,high,9/8/2026,Tuesday
ARRIVAL,EY 2,Etihad,JFK,AUH,JED,14:45,4:45,825,1860,Airbus A350,793000.0,1484.0,low,4/23/2026,Thursday
ARRIVAL,QR 702,Qatar Airways,JFK,DOH,JED,22:05,0:10,210,1145,Airbus A350,818000.0,1598.0,low,4/23/2026,Thursday
ARRIVAL,MS 986,EgyptAir,JFK,CAI,JED,12:55,17:30,535,1295,Boeing 777,778000.0,2296.0,low,4/23/2026,Thursday
ARRIVAL,TK 4,Turkish Airlines,JFK,IST,JED,12:50,11:35,135,945,Boeing 777,760000.0,2682.0,low,4/23/2026,Thursday
ARRIVAL,AI 116,Air India,JFK,BOM,JED,11:10,21:40,420,1650,Boeing 777,1307000.0,2578.0,low,4/23/2026,Thursday
ARRIVAL,TK 12,Turkish Airlines,JFK,IST,JED,0:25,0:30,200,1025,Boeing 787,635000.0,2682.0,low,4/23/2026,Thursday
ARRIVAL,TK 2,Turkish Airlines,JFK,IST,JED,19:50,0:30,455,1300,Boeing 777,747000.0,2682.0,low,4/23/2026,Thursday
ARRIVAL,VS 26,Virgin Atlantic,JFK,LHR,JED,8:15,6:20,120,905,Boeing 787,678000.0,7502.0,low,4/23/2026,Thursday
ARRIVAL,BA 178,British Airways,JFK,LHR,JED,7:50,6:45,165,955,Boeing 777,789000.0,8567.0,low,4/23/2026,Thursday
DEPARTURE,XY 416,Flynas,JED,Direct,DMM,17:00,19:05,0,125,Airbus A320neo,99000.0,380.0,typical,6/11/2026,Thursday
DEPARTURE,F3 303,flyadeal,JED,Direct,DMM,7:55,10:00,0,125,Airbus A320,108000.0,385.0,typical,6/11/2026,Thursday
DEPARTURE,SV 1110,Saudia,JED,Direct,DMM,9:00,11:05,0,125,Airbus A320,134000.0,469.0,typical,6/11/2026,Thursday
DEPARTURE,XY 402,Flynas,JED,Direct,DMM,6:45,8:50,0,125,Airbus A320neo,99000.0,380.0,typical,6/11/2026,Thursday
DEPARTURE,XY 412,Flynas,JED,Direct,DMM,18:25,20:30,0,125,Airbus A320neo,99000.0,380.0,typical,6/11/2026,Thursday
DEPARTURE,XY 421,Flynas,JED,Direct,DMM,19:25,21:30,0,125,Airbus A320neo,99000.0,380.0,typical,6/11/2026,Thursday
DEPARTURE,XY 414,Flynas,JED,Direct,DMM,23:05,1:10,0,125,Airbus A320neo,99000.0,380.0,typical,6/11/2026,Thursday
DEPARTURE,F3 321,flyadeal,JED,Direct,DMM,0:10,2:15,0,125,Airbus A320,108000.0,385.0,typical,6/11/2026,Thursday
DEPARTURE,F3 317,flyadeal,JED,Direct,DMM,18:35,20:40,0,125,Airbus A320,108000.0,385.0,typical,6/11/2026,Thursday
DEPARTURE,F3 323,flyadeal,JED,Direct,DMM,23:05,1:10,0,125,Airbus A320,108000.0,385.0,typical,6/11/2026,Thursday
DEPARTURE,F3 307,flyadeal,JED,Direct,DMM,11:05,13:05,0,120,Airbus A320,108000.0,415.0,typical,6/11/2026,Thursday
DEPARTURE,F3 309,flyadeal,JED,Direct,DMM,12:40,14:40,0,120,Airbus A320,108000.0,415.0,typical,6/11/2026,Thursday
DEPARTURE,XY 406,Flynas,JED,Direct,DMM,12:40,14:45,0,125,Airbus A320neo,99000.0,419.0,typical,6/11/2026,Thursday
DEPARTURE,XY 420,Flynas,JED,Direct,DMM,15:40,17:45,0,125,Airbus A320neo,99000.0,419.0,typical,6/11/2026,Thursday
DEPARTURE,XY 408,Flynas,JED,Direct,DMM,21:50,23:55,0,125,Airbus A320neo,99000.0,449.0,typical,6/11/2026,Thursday
DEPARTURE,SV 1128,Saudia,JED,Direct,DMM,1:05,3:10,0,125,Airbus A320,134000.0,469.0,typical,6/11/2026,Thursday
DEPARTURE,SV 1130,Saudia,JED,Direct,DMM,3:05,5:10,0,125,Airbus A321,127000.0,469.0,typical,6/11/2026,Thursday
DEPARTURE,SV 1108,Saudia,JED,Direct,DMM,7:00,9:05,0,125,Airbus A320,168000.0,469.0,typical,6/11/2026,Thursday
DEPARTURE,SV 1114,Saudia,JED,Direct,DMM,11:00,13:05,0,125,Airbus A321,127000.0,469.0,typical,6/11/2026,Thursday
DEPARTURE,SV 1116,Saudia,JED,Direct,DMM,13:00,15:05,0,125,Airbus A320,134000.0,469.0,typical,6/11/2026,Thursday
DEPARTURE,SV 1118,Saudia,JED,Direct,DMM,15:00,17:05,0,125,Airbus A321,127000.0,469.0,typical,6/11/2026,Thursday
DEPARTURE,SV 1122,Saudia,JED,Direct,DMM,17:00,19:05,0,125,Airbus A320,134000.0,469.0,typical,6/11/2026,Thursday
DEPARTURE,SV 1124,Saudia,JED,Direct,DMM,19:00,21:05,0,125,Airbus A320,134000.0,469.0,typical,6/11/2026,Thursday
DEPARTURE,SV 1126,Saudia,JED,Direct,DMM,21:00,23:05,0,125,Airbus A320,134000.0,469.0,typical,6/11/2026,Thursday
DEPARTURE,F3 353,flyadeal,JED,Direct,GIZ,13:20,14:45,0,85,Airbus A320,70000.0,275.0,high,7/11/2026,Saturday
DEPARTURE,F3 355,flyadeal,JED,Direct,GIZ,15:15,16:40,0,85,Airbus A320,70000.0,275.0,high,7/11/2026,Saturday
DEPARTURE,F3 357,flyadeal,JED,Direct,GIZ,16:35,18:10,0,95,Airbus A320,70000.0,275.0,high,7/11/2026,Saturday
DEPARTURE,XY 441,Flynas,JED,Direct,GIZ,19:25,20:55,0,90,Airbus A320neo,65000.0,409.0,high,7/11/2026,Saturday
DEPARTURE,XY 439,Flynas,JED,Direct,GIZ,6:15,7:45,0,90,Airbus A320neo,65000.0,409.0,high,7/11/2026,Saturday
DEPARTURE,SV 1018,Saudia,JED,RUH,GIZ,6:00,10:55,75,295,Airbus A330,214000.0,545.0,high,7/11/2026,Saturday
DEPARTURE,SV 1781,Saudia,JED,Direct,GIZ,2:20,3:55,0,95,Airbus A320,87000.0,636.0,high,7/11/2026,Saturday
DEPARTURE,SV 1762,Saudia,JED,Direct,GIZ,4:05,5:40,0,95,Airbus A320,87000.0,636.0,high,7/11/2026,Saturday
DEPARTURE,SV 1766,Saudia,JED,Direct,GIZ,9:30,11:05,0,95,Airbus A320,87000.0,636.0,high,7/11/2026,Saturday
DEPARTURE,SV 1788,Saudia,JED,Direct,GIZ,11:55,13:30,0,95,Airbus A320,87000.0,636.0,high,7/11/2026,Saturday
DEPARTURE,SV 1768,Saudia,JED,Direct,GIZ,15:30,17:05,0,95,Airbus A320,87000.0,636.0,high,7/11/2026,Saturday
DEPARTURE,SV 1780,Saudia,JED,Direct,GIZ,20:35,22:10,0,95,Airbus A320,87000.0,636.0,high,7/11/2026,Saturday
DEPARTURE,SV 1792,Saudia,JED,Direct,GIZ,18:50,20:25,0,95,Airbus A320,87000.0,934.0,high,7/11/2026,Saturday
ARRIVAL,F3 808,flyadeal,IST,Direct,JED,22:50,2:50,0,240,Airbus A320,198000.0,945.0,high,6/1/2026,Monday
ARRIVAL,TK 120,Turkish Airlines,IST,Direct,JED,7:45,11:35,0,230,Airbus A330,158000.0,1330.0,high,6/1/2026,Monday
ARRIVAL,TK 92,Turkish Airlines,IST,Direct,JED,12:05,15:55,0,230,Airbus A330,158000.0,1330.0,high,6/1/2026,Monday
ARRIVAL,TK 126,Turkish Airlines,IST,Direct,JED,15:55,19:45,0,230,Airbus A330,158000.0,1330.0,high,6/1/2026,Monday
ARRIVAL,A3 505,Aegean,IST,SKG,JED,17:35,2:35,655,1980,Airbus A320,274000.0,855.0,high,6/1/2026,Monday
ARRIVAL,GF 46,Gulf Air,IST,BAH,JED,5:45,15:40,210,595,Airbus A320neo,337000.0,1010.0,high,6/1/2026,Monday
ARRIVAL,TK 96,Turkish Airlines,IST,Direct,JED,1:15,5:00,0,225,Airbus A330,205000.0,1330.0,high,6/1/2026,Monday
ARRIVAL,TK 114,Turkish Airlines,IST,Direct,JED,3:35,7:25,0,230,Airbus A330,158000.0,1330.0,high,6/1/2026,Monday
ARRIVAL,TK 94,Turkish Airlines,IST,Direct,JED,20:20,0:15,0,235,Airbus A330,205000.0,1330.0,high,6/1/2026,Monday
ARRIVAL,SV 260,Saudia,IST,Direct,JED,22:25,2:10,0,225,Airbus A330,199000.0,1929.0,high,6/1/2026,Monday
ARRIVAL,SV 266,Saudia,IST,Direct,JED,11:55,15:40,0,225,Airbus A330,199000.0,2330.0,high,6/1/2026,Monday
ARRIVAL,SV 256,Saudia,IST,Direct,JED,15:25,19:10,0,225,Airbus A330,199000.0,2330.0,high,6/1/2026,Monday
ARRIVAL,SV 278,Saudia,IST,Direct,JED,18:25,22:15,0,230,Airbus A321,232000.0,2330.0,high,6/1/2026,Monday
ARRIVAL,F3 308,flyadeal,DMM,Direct,JED,13:50,15:55,0,125,Airbus A320,107000.0,385.0,typical,6/6/2026,Saturday
ARRIVAL,XY 405,Flynas,DMM,Direct,JED,15:30,17:40,0,130,Airbus A320neo,98000.0,399.0,typical,6/6/2026,Saturday
ARRIVAL,SV 1115,Saudia,DMM,Direct,JED,16:15,18:25,0,130,Airbus A320,132000.0,486.0,typical,6/6/2026,Saturday
ARRIVAL,XY 407,Flynas,DMM,Direct,JED,0:40,2:50,0,130,Airbus A320neo,98000.0,380.0,typical,6/6/2026,Saturday
ARRIVAL,XY 413,Flynas,DMM,Direct,JED,1:55,4:05,0,130,Airbus A320neo,98000.0,380.0,typical,6/6/2026,Saturday
ARRIVAL,XY 403,Flynas,DMM,Direct,JED,9:35,11:45,0,130,Airbus A320neo,98000.0,380.0,typical,6/6/2026,Saturday
ARRIVAL,XY 411,Flynas,DMM,Direct,JED,21:15,23:25,0,130,Airbus A320neo,98000.0,380.0,typical,6/6/2026,Saturday
ARRIVAL,F3 324,flyadeal,DMM,Direct,JED,2:10,4:20,0,130,Airbus A320,107000.0,385.0,typical,6/6/2026,Saturday
ARRIVAL,F3 322,flyadeal,DMM,Direct,JED,2:55,5:05,0,130,Airbus A320,107000.0,385.0,typical,6/6/2026,Saturday
ARRIVAL,F3 304,flyadeal,DMM,Direct,JED,10:45,12:55,0,130,Airbus A320,107000.0,385.0,typical,6/6/2026,Saturday
ARRIVAL,F3 310,flyadeal,DMM,Direct,JED,15:45,17:55,0,130,Airbus A320,107000.0,385.0,typical,6/6/2026,Saturday
ARRIVAL,F3 318,flyadeal,DMM,Direct,JED,21:20,23:30,0,130,Airbus A320,107000.0,385.0,typical,6/6/2026,Saturday
ARRIVAL,XY 419,Flynas,DMM,Direct,JED,12:45,14:55,0,130,Airbus A320neo,98000.0,399.0,typical,6/6/2026,Saturday
ARRIVAL,XY 415,Flynas,DMM,Direct,JED,19:50,22:00,0,130,Airbus A320neo,98000.0,399.0,typical,6/6/2026,Saturday
ARRIVAL,XY 422,Flynas,DMM,Direct,JED,22:15,0:25,0,130,Airbus A320neo,98000.0,419.0,typical,6/6/2026,Saturday
ARRIVAL,SV 1131,Saudia,DMM,Direct,JED,1:10,3:20,0,130,Airbus A320,132000.0,486.0,typical,6/6/2026,Saturday
ARRIVAL,SV 1127,Saudia,DMM,Direct,JED,4:15,6:25,0,130,Airbus A320,132000.0,486.0,typical,6/6/2026,Saturday
ARRIVAL,SV 1105,Saudia,DMM,Direct,JED,6:15,8:25,0,130,Airbus A320,132000.0,486.0,typical,6/6/2026,Saturday
ARRIVAL,SV 1107,Saudia,DMM,Direct,JED,10:15,12:25,0,130,Airbus A320,132000.0,486.0,typical,6/6/2026,Saturday
ARRIVAL,SV 1109,Saudia,DMM,Direct,JED,12:15,14:25,0,130,Airbus A321,126000.0,486.0,typical,6/6/2026,Saturday
ARRIVAL,SV 1113,Saudia,DMM,Direct,JED,14:15,16:25,0,130,Airbus A320,132000.0,486.0,typical,6/6/2026,Saturday
ARRIVAL,SV 1117,Saudia,DMM,Direct,JED,18:15,20:25,0,130,Airbus A321,126000.0,486.0,typical,6/6/2026,Saturday
ARRIVAL,SV 1125,Saudia,DMM,Direct,JED,20:15,22:25,0,130,Airbus A320,132000.0,486.0,typical,6/6/2026,Saturday
ARRIVAL,SV 1129,Saudia,DMM,Direct,JED,22:15,0:25,0,130,Airbus A320,132000.0,486.0,typical,6/6/2026,Saturday
ARRIVAL,A3 711,Aegean,BCN,ATH,JED,12:15,2:35,415,800,Airbus A321neo,311000.0,687.0,typical,6/11/2026,Thursday
ARRIVAL,PC 1092,Pegasus,BCN,SAW,JED,13:50,1:10,185,620,Airbus A321,359000.0,1085.0,typical,6/11/2026,Thursday
ARRIVAL,EY 112,Etihad,BCN,AUH,JED,10:45,23:25,125,700,Boeing 787,477000.0,1256.0,typical,6/11/2026,Thursday
ARRIVAL,TK 1468,Turkish Airlines,BCN,IST,JED,14:35,0:15,65,520,Airbus A321neo,332000.0,1994.0,typical,6/11/2026,Thursday
ARRIVAL,TK 1856,Turkish Airlines,BCN,IST,JED,19:05,5:05,105,540,Airbus A330,378000.0,1994.0,typical,6/11/2026,Thursday
ARRIVAL,SV 228,Saudia,BCN,Direct,JED,16:25,22:45,0,320,Boeing 787,231000.0,2237.0,typical,6/11/2026,Thursday
DEPARTURE,D7 701,AirAsia X,JED,Direct,KUL,21:55,12:40,0,585,Airbus A330,397000.0,774.0,low,6/22/2026,Monday
DEPARTURE,EY 602,Etihad,JED,AUH,KUL,3:10,19:45,90,695,Airbus A321,494000.0,1346.0,low,6/22/2026,Monday
DEPARTURE,EY 604,Etihad,JED,AUH,KUL,5:40,8:25,700,1305,Airbus A321,494000.0,1346.0,low,6/22/2026,Monday
DEPARTURE,6E 78,IndiGo,JED,BLR,KUL,4:10,21:00,75,710,Airbus A320neo,466000.0,1357.0,low,6/22/2026,Monday
DEPARTURE,QR 1189,Qatar Airways,JED,DOH,KUL,22:35,15:10,100,695,Boeing 787,534000.0,1457.0,low,6/22/2026,Monday
DEPARTURE,G9 150,Air Arabia,JED,SHJ,KUL,23:45,9:10,1085,1705,Airbus A321 (Sharklets),612000.0,1853.0,low,6/22/2026,Monday
DEPARTURE,G9 146,Air Arabia,JED,SHJ,KUL,10:10,2:20,50,670,Airbus A321 (Sharklets),612000.0,1869.0,low,6/22/2026,Monday
DEPARTURE,XY 447,Flynas,JED,Direct,TUU,8:05,9:35,0,90,Airbus A320neo,71000.0,479.0,high,4/25/2026,Saturday
DEPARTURE,F3 385,flyadeal,JED,Direct,TUU,10:25,11:55,0,90,Airbus A320,77000.0,595.0,high,4/25/2026,Saturday
DEPARTURE,F3 393,flyadeal,JED,Direct,TUU,20:45,22:20,0,95,Airbus A320,77000.0,595.0,high,4/25/2026,Saturday
DEPARTURE,F3 391,flyadeal,JED,Direct,TUU,20:05,21:35,0,90,Airbus A320,77000.0,645.0,high,4/25/2026,Saturday
DEPARTURE,XY 449,Flynas,JED,Direct,TUU,18:30,20:00,0,90,Airbus A320neo,71000.0,679.0,high,4/25/2026,Saturday
DEPARTURE,XY 465,Flynas,JED,Direct,TUU,21:00,22:30,0,90,Airbus A320neo,71000.0,679.0,high,4/25/2026,Saturday
DEPARTURE,SV 1547,Saudia,JED,Direct,TUU,2:00,3:30,0,90,Airbus A320,96000.0,1177.0,high,4/25/2026,Saturday
DEPARTURE,SV 1545,Saudia,JED,Direct,TUU,19:20,20:50,0,90,Airbus A330,79000.0,1177.0,high,4/25/2026,Saturday
DEPARTURE,SV 1541,Saudia,JED,Direct,TUU,9:00,10:30,0,90,Airbus A320,96000.0,1351.0,high,4/25/2026,Saturday
DEPARTURE,SV 1543,Saudia,JED,Direct,TUU,16:15,17:45,0,90,Airbus A320,96000.0,1351.0,high,4/25/2026,Saturday
DEPARTURE,XY 517,Flynas,JED,Direct,AUH,12:55,16:45,0,170,Airbus A320neo,130000.0,320.0,typical,8/26/2026,Wednesday
DEPARTURE,EY 604,Etihad,JED,Direct,AUH,5:40,9:20,0,160,Airbus A321,166000.0,321.0,typical,8/26/2026,Wednesday
DEPARTURE,SV 570,Saudia,JED,Direct,AUH,11:40,15:25,0,165,Airbus A320,176000.0,461.0,typical,8/26/2026,Wednesday
DEPARTURE,EY 602,Etihad,JED,Direct,AUH,3:10,6:55,0,165,Airbus A321,166000.0,321.0,typical,8/26/2026,Wednesday
DEPARTURE,EY 612,Etihad,JED,Direct,AUH,19:00,22:45,0,165,Airbus A321,166000.0,359.0,typical,8/26/2026,Wednesday
DEPARTURE,SV 1020,Saudia,JED,RUH,AUH,7:00,14:05,150,365,Airbus A330,209000.0,471.0,typical,8/26/2026,Wednesday
DEPARTURE,EY 616,Etihad,JED,Direct,AUH,15:20,19:05,0,165,Airbus A321,166000.0,780.0,typical,8/26/2026,Wednesday
DEPARTURE,XY 551,Flynas,JED,Direct,AMM,12:25,14:20,0,115,Airbus A320neo,94000.0,379.0,high,8/8/2026,Saturday
DEPARTURE,RJ 703,Royal Jordanian,JED,Direct,AMM,13:55,16:05,0,130,Airbus A320neo,91000.0,668.0,high,8/8/2026,Saturday
DEPARTURE,SV 1054,Saudia,JED,RUH,AMM,23:55,14:25,625,870,Airbus A320,271000.0,416.0,high,8/8/2026,Saturday
DEPARTURE,XY 54,Flynas,JED,RUH,AMM,23:59,8:10,246,491,Airbus A320neo,180000.0,533.0,high,8/8/2026,Saturday
DEPARTURE,XY 22,Flynas,JED,RUH,AMM,12:35,21:20,280,525,Airbus A320neo,180000.0,546.0,high,8/8/2026,Saturday
DEPARTURE,RJ 707,Royal Jordanian,JED,Direct,AMM,20:55,23:05,0,130,Embraer 195 E2,125000.0,668.0,high,8/8/2026,Saturday
DEPARTURE,RJ 705,Royal Jordanian,JED,Direct,AMM,4:50,7:00,0,130,Airbus A320neo,105000.0,987.0,high,8/8/2026,Saturday
DEPARTURE,SV 627,Saudia,JED,Direct,AMM,1:05,3:05,0,120,Airbus A320,127000.0,1412.0,high,8/8/2026,Saturday
DEPARTURE,SV 631,Saudia,JED,Direct,AMM,10:10,12:10,0,120,Airbus A320,127000.0,1412.0,high,8/8/2026,Saturday
DEPARTURE,XY 441,Flynas,JED,Direct,GIZ,19:25,20:55,0,90,Airbus A320neo,65000.0,269.0,typical,6/4/2026,Thursday
DEPARTURE,F3 353,flyadeal,JED,Direct,GIZ,13:20,14:45,0,85,Airbus A320,70000.0,275.0,typical,6/4/2026,Thursday
DEPARTURE,F3 355,flyadeal,JED,Direct,GIZ,15:15,16:40,0,85,Airbus A320,70000.0,275.0,typical,6/4/2026,Thursday
DEPARTURE,F3 357,flyadeal,JED,Direct,GIZ,16:35,18:10,0,95,Airbus A320,70000.0,275.0,typical,6/4/2026,Thursday
DEPARTURE,XY 439,Flynas,JED,Direct,GIZ,6:15,7:45,0,90,Airbus A320neo,65000.0,349.0,typical,6/4/2026,Thursday
DEPARTURE,SV 1018,Saudia,JED,RUH,GIZ,6:00,10:55,75,295,Boeing 777,205000.0,545.0,typical,6/4/2026,Thursday
DEPARTURE,SV 1781,Saudia,JED,Direct,GIZ,2:20,3:55,0,95,Airbus A320,87000.0,580.0,typical,6/4/2026,Thursday
DEPARTURE,SV 1766,Saudia,JED,Direct,GIZ,9:30,11:05,0,95,Airbus A320,87000.0,580.0,typical,6/4/2026,Thursday
DEPARTURE,SV 1788,Saudia,JED,Direct,GIZ,11:55,13:30,0,95,Airbus A320,87000.0,580.0,typical,6/4/2026,Thursday
DEPARTURE,SV 1768,Saudia,JED,Direct,GIZ,15:30,17:05,0,95,Airbus A320,87000.0,580.0,typical,6/4/2026,Thursday
DEPARTURE,SV 1780,Saudia,JED,Direct,GIZ,20:35,22:10,0,95,Airbus A320,87000.0,580.0,typical,6/4/2026,Thursday
DEPARTURE,SV 1792,Saudia,JED,Direct,GIZ,18:50,20:25,0,95,Airbus A320,87000.0,946.0,typical,6/4/2026,Thursday
ARRIVAL,SV 1900,Saudia,TIF,RUH,JED,12:20,17:45,125,325,Airbus A321,192000.0,447.0,low,8/10/2026,Monday
ARRIVAL,SV 1910,Saudia,TIF,RUH,JED,1:40,6:45,105,305,Airbus A320,185000.0,615.0,low,8/10/2026,Monday
ARRIVAL,SV 1902,Saudia,TIF,RUH,JED,7:35,12:45,110,310,Airbus A320,193000.0,615.0,low,8/10/2026,Monday
ARRIVAL,XY 126,Flynas,TIF,RUH,JED,9:25,14:10,80,285,Airbus A320neo,147000.0,697.0,low,8/10/2026,Monday
ARRIVAL,SV 1914,Saudia,TIF,RUH,JED,16:50,21:45,95,295,Airbus A320,193000.0,615.0,low,8/10/2026,Monday
ARRIVAL,SV 1904,Saudia,TIF,RUH,JED,21:35,2:45,110,310,Airbus A321,201000.0,615.0,low,8/10/2026,Monday
ARRIVAL,XY 128,Flynas,TIF,RUH,JED,23:25,7:20,270,475,Airbus A320neo,147000.0,697.0,low,8/10/2026,Monday
ARRIVAL,NP 112,Nile Air,TIF,CAI,JED,23:00,8:30,300,570,Airbus A320,232000.0,1634.0,low,8/10/2026,Monday
ARRIVAL,XY 128,Flynas,TIF,RUH,JED,23:25,10:30,200,665,Airbus A320neo,333000.0,2102.0,low,8/10/2026,Monday
ARRIVAL,SV 1904,Saudia,TIF,RUH,JED,21:35,21:55,155,1460,Airbus A321,1008000.0,9964.0,low,8/10/2026,Monday
DEPARTURE,A3 951,Aegean,JED,ATH,CDG,3:30,13:10,210,640,Airbus A320neo,322000.0,986.0,low,7/8/2026,Wednesday
DEPARTURE,VF 190,AJet,JED,SAW,CDG,3:10,11:35,100,565,Boeing 737,369000.0,1176.0,low,7/8/2026,Wednesday
DEPARTURE,EY 602,Etihad,JED,AUH,CDG,3:10,14:00,85,710,Airbus A321,612000.0,1217.0,low,7/8/2026,Wednesday
DEPARTURE,A3 951,Aegean,JED,ATH,CDG,3:30,20:25,645,1075,Airbus A320neo,322000.0,883.0,low,7/8/2026,Wednesday
DEPARTURE,GF 184,Gulf Air,JED,BAH,CDG,16:40,7:55,405,975,Airbus A321neo,504000.0,1116.0,low,7/8/2026,Wednesday
DEPARTURE,EY 612,Etihad,JED,AUH,CDG,19:00,7:55,230,835,Airbus A321,563000.0,1217.0,low,7/8/2026,Wednesday
DEPARTURE,EY 604,Etihad,JED,AUH,CDG,5:40,19:30,300,890,Airbus A321,510000.0,1236.0,low,7/8/2026,Wednesday
DEPARTURE,QR 1191,Qatar Airways,JED,DOH,CDG,11:40,21:10,80,630,Boeing 777,525000.0,1275.0,low,7/8/2026,Wednesday
DEPARTURE,SV 131,Saudia,JED,Direct,CDG,1:20,6:25,0,365,Airbus A321,489000.0,1952.0,low,7/8/2026,Wednesday
DEPARTURE,SV 127,Saudia,JED,Direct,CDG,8:50,13:55,0,365,Boeing 787,245000.0,2151.0,low,7/8/2026,Wednesday
DEPARTURE,ME 365,MEA,JED,BEY,CDG,12:25,19:45,75,500,Airbus A320,426000.0,3944.0,low,7/8/2026,Wednesday
ARRIVAL,SV 1586,Saudia,YNB,RUH,JED,6:30,11:45,110,315,Airbus A320,190000.0,968.0,high,7/14/2026,Tuesday
ARRIVAL,SV 1584,Saudia,YNB,RUH,JED,20:40,2:45,160,365,Airbus A321,201000.0,968.0,high,7/14/2026,Tuesday
ARRIVAL,NP 104,Nile Air,YNB,CAI,JED,22:05,9:15,435,670,Airbus A320,203000.0,1152.0,high,7/14/2026,Tuesday
ARRIVAL,XY 734,Flynas,YNB,DMM,JED,15:05,22:00,165,415,Airbus A320neo,197000.0,2106.0,high,7/14/2026,Tuesday
ARRIVAL,EY 489,Etihad,KUL,AUH,JED,9:50,16:10,85,680,Boeing 787,486000.0,1474.0,typical,5/6/2026,Wednesday
ARRIVAL,QR 849,Qatar Airways,KUL,DOH,JED,2:00,10:00,160,780,Boeing 777,560000.0,1618.0,typical,5/6/2026,Wednesday
ARRIVAL,EK 343,Emirates,KUL,DXB,JED,2:00,8:45,110,705,Airbus A380,539000.0,1999.0,typical,5/6/2026,Wednesday
ARRIVAL,EY 487,Etihad,KUL,AUH,JED,21:55,3:55,75,660,Boeing 787-10,468000.0,1474.0,typical,5/6/2026,Wednesday
ARRIVAL,QR 853,Qatar Airways,KUL,DOH,JED,19:40,5:05,225,865,Boeing 777,560000.0,1618.0,typical,5/6/2026,Wednesday
ARRIVAL,WY 824,Oman Air,KUL,MCT,JED,21:25,0:05,1295,1900,Boeing 737,603000.0,1901.0,typical,5/6/2026,Wednesday
ARRIVAL,MH 780,Malaysia Airlines,KUL,BKK,JED,17:45,3:55,80,910,Boeing 737,564000.0,1949.0,typical,5/6/2026,Wednesday
ARRIVAL,EK 345,Emirates,KUL,DXB,JED,10:20,17:45,155,745,Boeing 777,530000.0,1999.0,typical,5/6/2026,Wednesday
ARRIVAL,EK 347,Emirates,KUL,DXB,JED,19:10,2:05,120,715,Boeing 777,541000.0,1999.0,typical,5/6/2026,Wednesday
ARRIVAL,EK 345,Emirates,KUL,DXB,JED,10:20,19:25,260,845,Boeing 777,532000.0,4769.0,typical,5/6/2026,Wednesday
ARRIVAL,MH 721,Malaysia Airlines,KUL,CGK,JED,13:45,23:00,145,855,Boeing 737,626000.0,6104.0,typical,5/6/2026,Wednesday
ARRIVAL,EY 6,Etihad,IAD,AUH,JED,15:10,16:10,120,1080,Boeing 787,780000.0,2178.0,high,8/21/2026,Friday
ARRIVAL,QR 708,Qatar Airways,IAD,DOH,JED,21:00,21:05,115,1025,Boeing 777,895000.0,2400.0,high,8/21/2026,Friday
ARRIVAL,TK 188,Turkish Airlines,IAD,IST,JED,13:20,15:55,355,1175,Boeing 787,716000.0,2555.0,high,8/21/2026,Friday
ARRIVAL,SV 38,Saudia,IAD,RUH,JED,18:50,18:30,130,1000,Boeing 777,1065000.0,2942.0,high,8/21/2026,Friday
ARRIVAL,VS 22,Virgin Atlantic,IAD,LHR,JED,22:55,22:50,200,1015,Airbus A330-900neo,686000.0,6955.0,high,8/21/2026,Friday
